会社名,ステータス,キャッチコピー
Rセキュリティ株式会社 | 20年連続増収増益◆2020年2～5月は売上前年比”125％以上”,正社員,"未経験から""鍵のレスキュー""を担うエキスパートに！【錠前技師】 正社員"
株式会社あおぞら不動産管理 | 年収1000万円以上も可能！土日祝休み！年休126日！業績好調！,正社員,【不動産コンサルティング営業】★成約率80％★経歴よりも人柄！ 正社員
エムケイ株式会社 | 【大阪府緊急雇用対策に賛同】★社員寮完備★昼勤or夜勤を選択可,正社員,【観光コンシェルジュ(ドライバー)】※月給25万円～/給与保証有 正社員
株式会社ビッグモーター | ★実績：未経験女性営業・入社1年で、最高月収60万円超え！,正社員,【販売・買取スタッフ】★女性活躍中！ ※40歳以下募集 正社員
UTコンストラクション株式会社 | 東証一部上場グループ★大手グループの安定基盤★土日祝休み,正社員,☆未経験歓迎☆【総合職(管理・資料作成等)】★残業月平均17時間 正社員
株式会社ロジカル | 面接1回で内定★高収入を見込める新制度も！★コロナ禍でも安定,正社員,【ルート営業】前職から10万円以上、給与がUPしたスタッフも！ 正社員
株式会社ビッグモーター | 平均年収957万円◆前職月収15万⇒月収150万円になった先輩活躍中,正社員,『こんなに稼げるの！？』【販売・買取営業】*社会人経験者募集 正社員
Rセキュリティ株式会社 | 20年連続増収増益◆2020年2~5月は売上前年比125％◆完全週休二日,正社員,"""水""というライフラインを支える【水道技師】★平均月収45万円超 正社員"
アプライド マテリアルズ ジャパン株式会社 | ◆売上世界No.1の半導体製造装置メーカー◆年間休日123日,正社員,高収入を実現！平均年収734万円【エンジニア・技術職】全国募集 正社員
UTコンストラクション株式会社 | <東証一部上場グループ>家電家具付き社宅＋6割補助＋引越費支給,正社員,【点検・保守】未経験歓迎☆日勤/基本土日休み/平均月収29万円 正社員
KUROFUNE＆PARTNERS株式会社 | #飛び込み・テレアポ業務なし #社用車支給 #転勤なし,正社員,【買取査定スタッフ】未経験歓迎／月給30万円スタート／車通勤OK 正社員
UTエイム株式会社 | 【東証1部上場グループ】何十年先も、重宝される人材へ！,正社員,ゼロからスキルUP!【ロボットエンジニア】未経験歓迎/日勤勤務 正社員
住友不動産株式会社 | 転勤なし/6ヶ月の研修と現場配属後のフォローアップあり！,正社員,【注文住宅営業】経験者募集/平均年収740万円！※充実の研修あり 正社員
株式会社ビッグモーター | 免許なし＆ハンドルを握ったことがなかった先輩も活躍中♪,正社員,経験・学歴・年齢などは全て不問！【営業職】★平均年収957万円 正社員
株式会社アイダ設計 | 1都2府20県へエリア拡大中／テレビ・ラジオCMでもお馴染みの企業,正社員,WEB集客多数★商談チャンスが多い【住宅営業】※男女活躍中 正社員
"イーゲート株式会社 | ◆""いま""伸びている再エネ事業で成長中◆年休120日以上",正社員,【反響営業】#月給35万～#完週休2日#面接1回#20～30代活躍中 正社員
株式会社ロジカル | 面接1回で内定★高収入を見込める新制度も！★コロナ禍でも安定,正社員,土日休みで家族との時間をしっかり過ごせる【ルートサービス】 正社員
クルーガーグループ株式会社 | 全国で複数名採用◆面接1回◆自由な休みで週休3日も可能,正社員,安定環境で活躍する！【ルート営業】☆未経験歓迎 ☆年齢不問 正社員
株式会社ビッグモーター | *＼未経験歓迎／* イチから丁寧にレクチャー＆マニュアル完備！,正社員,業界No.1の安定企業で働く【登録事務スタッフ】☆基本定時退社 正社員
株式会社UPSTART | 平均年齢25歳◆コロナでも安定成長！売上高約10億円,正社員,10代20代活躍☆免許不要◎未経験歓迎！月給30万【営業】学歴不問 正社員
株式会社エストゥルース | 【当社の実話】土日祝休み/残業ゼロ/未経験入社でも年収1200万円,正社員,【営業スタッフ】＼育成枠採用／⇒チームであなたを育てます 正社員
株式会社ミュゼプラチナム | 美容脱毛専門サロン売上NO.1！全国に169店舗を展開する大手企業,正社員,未経験OK★全身美容脱毛0円【総合職(受付・エステ・企画・PR)】 正社員
UTエイム株式会社 | 【東証一部上場グループ】★オンライン面接実施中→12月入社可！,正社員,未経験歓迎【物流管理事務スタッフ】ワークライフバランス良好◎ 正社員
株式会社NEXT STORIES | ★入社祝い金10万円有★年収1000万可※大阪府緊急雇用対策に賛同,正社員,【アフターフォロー営業】■月給30万～&完休2日制■テレアポなし 正社員
株式会社アール・エム | 大阪府緊急雇用対策に賛同/正当評価で高収入/20代年収例1500万超,正社員,【WEBの提案営業】★2021年度の営業職：最高月収165万円！ 正社員
UTエイム株式会社 | 【東証一部上場グループ】社宅費補助エリア多数⇒貯金しやすい！,正社員,転勤なし★好きな街で働く【総務事務】未経験歓迎/年休127日以上 正社員
株式会社ミュゼプラチナム | 履歴書不要の人柄採用 ★ 美容脱毛0円 ★ 月収29万円も可能,正社員,【受付カウンセラー】未経験OK★高卒以上★年齢不問★賞与年4回 正社員
株式会社リプロ | 試用期間中は月給25～50万円の給与保証！安心して成長できます,正社員,【提案営業】営業社員の平均年収811万円！みんな未経験スタート 正社員
株式会社モリシン電気設備 | 【会社の紹介動画付き求人！気になる方はCLICK】月収40万円も可,正社員,未経験から高い技術を手に！【電気工事】経験者は前職給与を考慮 正社員
日研トータルソーシング株式会社 | 大阪府緊急雇用対策に賛同／未経験歓迎・WEB面接実施中！,正社員,もくもくと自分らしく働ける仕事！【在庫管理・検査スタッフ】 正社員
株式会社ビッグモーター | 【業界No.1】平均年収957万円◆表彰式あり◆未経験歓迎◆面接1回,正社員,2年目で年収2389万円の実績【車の営業（幹部候補）】 ※高卒以上 正社員
"株式会社フレックス | 八尾,東大阪,大東,吹田,奈良の募集/大阪府緊急雇用対策に賛同",正社員,土日祝休＆転勤なし★大阪ガスグループの【ライフアドバイザー】 正社員
日研トータルソーシング株式会社 | 【大阪府緊急雇用対策に賛同】年休最大160日◆好きな街で働ける,正社員,ものづくりの【アシスタントスタッフ(メンテナンス補助等)】 正社員
UTエイム株式会社 | 【東証一部上場グループ】★WEB面接OK,正社員,コツコツ働ける♪【箱詰め・梱包スタッフ】未経験歓迎 正社員
株式会社PEO | 【東証一部上場アウトソーシンググループ】◆オンライン面接OK！,正社員,トヨタで活躍【製造スタッフ】未経験OK/月給27.7万~/田原市勤務 正社員
シーズクリエイト株式会社 | <上場企業>★年収1500万円以上も可能★条件合う方全員と面接！,正社員,未経験OK！【マンション企画開発】★残業月20h以下★土日休み 正社員
株式会社アイエスエフネット | ★在宅勤務OK★年休126日★平均残業7.8h★インセンMAX60％,正社員,(入社時)年収750万円⇒864万円にUP実績有【インフラエンジニア】 正社員
株式会社ティーアイピー | 有給取得率100％／完全週休二日(土日休み)／社員寮(無料)あり,正社員,★20代まで限定★スマホの通信を支える【作業スタッフ】[未]歓迎 正社員
株式会社ダイオーズジャパン | 【東証1部上場グループ】★年間休日120日以上★残業ほぼなし,正社員,オフィスを充実させる各種サービスの【提案営業】営業経験者歓迎 正社員
株式会社SEC | ★90％以上が入社時に給与UP！★即日内定、超スピード選考可能！,正社員,照らせ!技術者の未来【施工管理補助】未経験/第二新卒も人柄採用 正社員
DSP株式会社 | 入社半年で月収100万円以上の社員多数/大阪府緊急雇用対策に賛同,正社員,アニメやスポーツ番組の【反響営業】完全週休2日★学歴不問！ 正社員
日研トータルソーシング株式会社 | 【大阪府緊急雇用対策に賛同】◆年休最大160日◆残業ほぼなし,正社員,好きな街で働ける！【軽作業スタッフ】賞与2回☆定着率95％ 正社員
日研トータルソーシング株式会社 | 大阪府緊急雇用対策に賛同　★年休最大160日＋残業ほぼなし,正社員,【マシンオペレーター】★学歴・経験・職歴など一切不問！ 正社員
株式会社修優舘 | あなたの経験と能力を満足のいく給与に変えてみませんか？,正社員,＼2人に1人が年収700万円超／最新CM公開中【講師・教室運営】 正社員
株式会社アイエスエフネット | ★在宅勤務OK★完全週休2日★平均残業7.8h★インセンMAX60％,正社員,月35万～【ITエンジニア】★有給消化81％★年休126日／学歴不問 正社員
ジャパニアス株式会社 | 日本ディープラーニング協会加盟◇残業月20H程◇テレワーク約7割,正社員,AI特化チーム【AIエンジニア】基礎研究/画像解析/自然言語処理 正社員
"サングローブ株式会社 | ★創業7期目で20,000社と直取引★年休130日/土日祝休み/残業ゼロ",正社員,採用コンサル×【インサイドセールス】オフィスで年収1000万可★ 正社員
UTエイム株式会社 | 【超スピード選考】最短当日面談＆当日採用(規定有)！,正社員,【サポートスタッフ(データ管理等)】未経験歓迎※全国募集 正社員
アートバンライン株式会社 | 大手企業と多数取引で業績好調★月8～9日休み★土日休みも可,正社員,【中型(4t)トラックドライバー】面接1回★転勤なし！安定性◎ 正社員
DSP株式会社 | <大阪府緊急雇用対策に賛同>【完全週休2日】【産休育休実績有】,正社員,未経験から始める【メディアプランナー(営業)】★土日祝休み 正社員
"フジイハウス産業株式会社 | 【""三菱地所""や""住友不動産""と取引】大阪府緊急雇用対策に賛同",正社員,【設備管理スタッフ】年間休日120日／残業20h以内／賞与4ヶ月分 正社員
エフエルシープレミアム株式会社 | 【大阪府緊急雇用対策に賛同】東証二部上場企業のグループ！,正社員,【営業系総合職】★未経験8割★早期キャリアUP可能★インセン有 正社員
UTエイム株式会社 | 【東証一部上場グループ】フリーターもOK！大切なのはこれから♪,正社員,月収42万円以上可能！【清掃・洗浄スタッフ】学歴一切不問☆ 正社員
株式会社NEXER | コロナ禍でも安定成長／4拠点同時募集／オープニング募集も！,正社員,スタートアップメンバー募集！Webマーケティングの【提案営業】 正社員
UTエイム株式会社 | 【東証一部上場グループ】文系OK！キャリアチェンジも歓迎します,正社員,未経験歓迎！半導体分野の【技術系総合職(点検・検査・管理等)】 正社員
ソフトバンク営業職合同募集 | 【条件満たす方全員、電話面談確約】,正社員,ソフトバンクの【法人営業】社会人経験必須◎販売/接客経験歓迎 正社員
株式会社アイエスエフネット | ★在宅勤務OK★年休126日★平均残業7.8h★インセンMAX60％,正社員,微経験(入社時)から年276万円UP実績有【ITエンジニア】高卒以上 正社員
アートバンライン株式会社 | 大手企業と多数取引で業績好調★月8～9日休み土日休みも可,正社員,【小型(2t)トラックドライバー】★面接1回★高定着率★[未]歓迎 正社員
"洛陽交運株式会社 | ヤサカグループ／月額17,000円～即入寮できる社宅あり！",正社員,京都での新スタートを応援【タクシードライバー】年休120日以上 正社員
UTエイム株式会社 | 大阪府緊急雇用対策に賛同【東証一部上場グループ】,正社員,【製造スタッフ】未経験から高収入！月収42万円も可能※全国募集 正社員
株式会社PGSホーム | ワーク・ライフ・バランス◎残業ほぼ無し！休日出勤は一切無し！,正社員,【営業総合職】※月給40万円～(2か月間)入社祝金最大138万円支給 正社員
ジャパニアス株式会社 | 【全国に11拠点展開】◆転勤なし◆残業代100％支給◆在宅勤務有,正社員,全国募集！自社内開発【SE】★土日祝休★残業月20H★未経験OK！ 正社員
東建コーポレーション株式会社 | ＼若手限定求人／ 20代で年収100万円以上UPの先輩多数！,正社員,仕事も私生活も、贅沢に。【 営業 】全国募集/30歳迄/WEB面接OK 正社員
ソフトバンク営業職合同募集 | 【条件満たす方全員、電話面談確約】,正社員,ソフトバンクの【法人営業】未経験OK★高卒以上★35歳以下 正社員
株式会社スタッフサービス | エンジニアリング事業本部・約650種類の学習講座でスキルアップ,正社員,新型ロボット等の【ものづくりサポート】未経験OK/手当充実 正社員
朝日ソーラー株式会社 | 完全週休2日制を導入 | テレビCMも展開し知名度抜群！,正社員,"【 営業 】▼「年収1,000万円以上」も十分に目指せます！ 正社員"
株式会社 One's Will | ★月収100万円超えの営業が活躍中 ★完全週休2日 ★残業ほぼなし,正社員,アニメや映画・ケーブルテレビなどの【反響営業】★履歴書不要 正社員
株式会社アイダ設計 | 1都2府20県へエリア拡大中／テレビ・ラジオCMでもお馴染みの企業,正社員,注文住宅の【建築設計】※お客様対応に注力可能！完全週休2日 正社員
株式会社メディオテクノ | 完全週休2日｜月給25万9500円～｜インセンティブ有｜残業少なめ,正社員,定着率の高さが自慢！家電製品の【設置作業スタッフ】未経験OK 正社員
株式会社エコスマート | <11期連続増収増益>定着率92.3％／年3回長期休暇あり／未経験OK,正社員,【総合職】あなたの力で会社を上場させてみませんか？ 正社員
株式会社綜合キャリアオプション | HR×テクノロジーが強みの人材企業◆売上1010億円＆社員2000名,正社員,転職経験が武器になる！採用支援サービスの【営業】★未経験歓迎 正社員
株式会社Reazista | リリース2年で加盟店舗7万店以上！急成長企業の直販メンバー募集,契約社員,フードデリバリー＆テイクアウトアプリ『menu』の【提案営業】 契約社員
東建コーポレーション株式会社 | ◎WEB面接実施中　◎全国採用実施中（自宅近くの拠点を考慮）,正社員,これからのあなたを応援！【企画営業】※全国募集／年齢不問 正社員
アートバンライン株式会社 | 大手企業と多数取引で業績好調★売上295億円を誇る安定企業,正社員,【大型(10t)ドライバー】★面接1回★無理のない配車調整で負担少 正社員
東建コーポレーション株式会社 | ◎WEB面接実施中　◎全国採用実施中（自宅近くの拠点を考慮）,正社員,どんな経験も活かせる【企画営業】※全国募集/社会人経験者募集 正社員
アイアール株式会社 | ★完全週休2日制（土日祝） ★年間休日125日 ★超充実の福利厚生,正社員,休める！稼げる！楽しめる♪【施工管理アシスタント】★未経験OK 正社員
フォーザウィン株式会社 | ＜有休消化率100%／残業月平均15時間以下／年間休日125日＞,正社員,【インフラエンジニア】◆経験者 ◆前給以上確約 ◆面接保証 正社員
UTコンストラクション株式会社 | 【東証一部上場グループ】★オンライン面接→12月入社も可能！,正社員,食の安心安全に貢献【サービスエンジニア】★未経験歓迎/土日休 正社員
東京・日本交通株式会社 | 売上業界No.1グループ｜難波募集｜大阪府緊急雇用対策に賛同,正社員,小さなお客さまの安全を守る【キッズドライバー候補】未経験歓迎 正社員
フォーザウィン株式会社 | ＜完全週休2日／年間休日125日／有休取得100％／基本定時退社＞,正社員,あなたの第一希望、確約します。【ITエンジニア】◆前給以上保障 正社員
株式会社エー・エス・エル | 《東証一部上場企業グループ》コロナ禍でも過去最高益レベル！,正社員,【ITエンジニア／開発・インフラ】◎テレワーク率85％以上 正社員
東京・日本交通株式会社 | 売上業界No.1 日本交通グループ【大阪府緊急雇用対策に賛同】,正社員,【タクシードライバー】難波限定の募集／ミドルシニアも活躍中 正社員
UTエイム株式会社 | 【東証一部上場グループ】★WEB面接OK／スピード入社も可能,正社員,通勤しやすい♪【製造管理事務スタッフ】未経験歓迎☆全国募集 正社員
株式会社こども総合研究所 | ＜教育×IT(AI・ビッグデータ)／年休125日／残業ほぼゼロ＞,正社員,【100%自社内開発エンジニア】★前職給与以上を確約します★ 正社員
DSP株式会社 | 初年度年収450万円以上可/産休育休有/大阪府緊急雇用対策に賛同,正社員,【総合職(営業/広報/人事/総務など)】やりたいことが見つかる♪ 正社員
UTエイム株式会社 | 【東証一部上場グループ】★30～40代多数活躍中！,正社員,無理のない環境で働く！【ピッキング・仕分け】★土日休みも可能 正社員
フォーザウィン株式会社 | ＜完全週休2日／年間休日125日／有休取得100％／基本定時退社＞,正社員,【開発エンジニア】◆経験者 ◆前給以上を確約 ◆リモート案件有 正社員
株式会社ビッグモーター | 月8～10日休／賞与年2回／残業ほぼなし／転勤なし,正社員,未経験者歓迎【受付事務】★月収40万円以上目指せる ★転勤なし 正社員
株式会社そら | 『Dr.stretch』／業績好調／年4回昇給・成長できる環境が魅力！,正社員,"【ストレッチトレーナー】専門知識・経験がない方も ""大歓迎！"" 正社員"
UTエイム株式会社 | 【東証一部上場グループ】★完全週休2日制・年休190日以上も可能,正社員,【検査・実験評価スタッフ】月収42万円以上も可能！★未経験歓迎 正社員
ソフトバンク営業職合同募集 | 【条件満たす方全員、電話面談確約】,正社員,35歳以下★ソフトバンクの【法人営業】学歴不問★未経験OK 正社員
株式会社日本セレモニー | コロナ禍でも黒字経営★典礼会館やFIVESTAR WEDDINGを運営！,正社員,【セレモニープランナー】働きやすい環境＆充実の研修をご用意！ 正社員
新エネルギー計画株式会社 | ◆20～50代が活躍中◆残業ほぼゼロ ◆完全週休2日制 ◆実働7H,正社員,未経験OK！売らない【営業】コツコツ頑張れば、月収80万円も可能 正社員
UTエイム株式会社 | 【東証一部上場グループ】★安定基盤,正社員,シンプルワーク中心【軽作業スタッフ(梱包・検品等)】未経験OK！ 正社員
UTエイム株式会社 | 【東証1部上場グループの安定基盤】条件重視の方はぜひ！,正社員,月収42万円以上も可能【検品検査スタッフ】未経験歓迎！転勤なし 正社員
株式会社ワールドコーポレーション | 大阪府緊急雇用対策に賛同,正社員,同期入社多数！【資材管理】★研修充実！※全国募集※未経験歓迎 正社員
日研トータルソーシング株式会社 | ≪1年目から年収500万円以上≫入社後2年間半年ごとの昇給あり★,正社員,入社特典60万円&寮無料★トヨタ車の【製造サポート】未経験OK！ 正社員
住友不動産株式会社 | 【東証一部上場】★転勤なし ★3割が年収800万以上！,正社員,未経験から家づくりのプロに！【注文住宅営業】◆平均年収740万 正社員
株式会社ワールドコーポレーション,正社員,【管理業務スタッフ】※首都圏限定※未経験歓迎 正社員
住友不動産株式会社 | 【東証一部上場】★全領域で業界トップクラス！平均年収710万円,正社員,業界トップクラスの【技術職スタッフ（建築スペシャリスト）】 正社員
東京エムケイ株式会社 | 年収1000万円も夢ではありません！/男性育休実績あり,正社員,【グランドパイロット】※高卒以上 ★タクシー月収実績81.3万円 正社員
東京エムケイ株式会社 | 月収実績:タクシー81.3万円★男性の育休/時短勤務実績あり,正社員,＼学歴不問／【タクシードライバー】★有給休暇取得80％以上 正社員
株式会社レシックス | 【創業30年以上の安定企業／全国へ事業拡大！】,正社員,【不動産営業】最高年収5850万円、最高月収1273万円。 正社員
株式会社ＫＯＧＡＯ | ★芸能人も多数来店 ★メディアで話題のSpeed小顔,正社員,【店舗スタッフ(受付等)】★原則定時退社 ★即月給30万円も可能 正社員
株式会社来来亭 | 好きな場所で年収1000万円超の店長へ｜20～30代活躍中,正社員,【店長候補】前職より給与UPした先輩多数／未経験から独立可能！ 正社員
クレストジャパン株式会社 | ★経験者採用★年収1000万以上目指す人、必見の求人です！,正社員,"""稼ぎたい""その想いに高歩合率で応えます【不動産仲介・仕入れ】 正社員"
株式会社インテリックス | 【東証一部上場】★収入2倍UPの先輩多数★年収2000万円以上も可,正社員,【法人営業】★BtoBだから完休2日&残業20h以内★フレックス勤務 正社員
株式会社リンクスタッフグループ | ■年休120日以上 ■未経験OK ■体育会系出身の先輩が多数在籍,正社員,【人材コーディネーター】★給与＋インセンで稼げる★若手活躍中 正社員
株式会社窪治組 | ★転勤なし★社員寮完備★残業ほぼなし★実働7.5h★各種手当充実,正社員,【総合職(技術者/ドライバー/資材の搬入等)】★未経験者歓迎 正社員
株式会社サニックス | ◆東証一部上場企業 ◆初任地は希望勤務地を確約／年間休日115日,正社員,東証一部上場企業で働く【営業】★安心できる給与体系！ 正社員
株式会社アイム・ユニバース | 東京ヤクルトスワローズ公式スポンサー/借上社宅有/年休120日超,正社員,★沖縄支社募集【営業スタッフ(仕入れ・住宅営業)】※若手活躍中 正社員
株式会社ガリレオコーポレーション | ☆★週休2日制&年間休日117日で、プライベートも充実★☆,正社員,"シッカリ稼ごう！年収1,000万円もめざせる【営業】※年齢不問 正社員"
株式会社ハウスコミュニケーション | 《関西トップクラスの店舗数》★東京採用は月給30万円以上！,正社員,先輩の最高月収480万円★東京進出のコアメンバー【不動産営業】 正社員
株式会社ディードライブ | インセンティブあり／決算賞与あり／大阪府緊急雇用対策に賛同,正社員,5年で大企業を創る【提案営業】未経験OK/月給25万円～/社宅完備 正社員
"泉北ホーム株式会社 | コロナ禍でも業績好調&過去最高実績！「年収1,000万円」も可能",正社員,ワークライフバランス抜群の【営業】※入社3ヶ月月給30～35万円 正社員
株式会社VRST | ☆犬猫のいる会社☆まさかの独立支援制度☆IT×保護犬猫事業展開,正社員,【ITエンジニア】★経験者は年収800万円以上も可★副業推奨 正社員
日本交通埼玉株式会社 | 業界No.1ブランド！◆未経験入社90％以上◆年収700万以上も可能,正社員,【タクシードライバー】平均月収42万★賞与年3回★100％面接保証 正社員
株式会社ガーヴェラ | 月給25.8万円～＋高率歩合給／ルールに縛られない働き方を推奨！,正社員,【中古マンション売買仲介】完全反響型／営業経験のある方優遇★ 正社員
株式会社 ADAMASエンタープライズ | ★注目の事業で売上げ拡大中★転勤なし★年間休日110日以上,正社員,お客様との信頼を築く【サービススタッフ】特別な知識＆技術不要 正社員
株式会社TAPP | IPO視野！売上150億見込の成長企業,正社員,100％インバウンド【営業クローザー】年収1000万超も可能 正社員
株式会社IDD | 未経験大歓迎/高収入/転勤なし/完全週休2日/ノルマ一切なし,正社員,★未経験大歓迎【通信コンサル営業】高収入・月収50万以上可能★ 正社員
株式会社グッドワークコミュニケーションズ | 1年目の平均月給36万円／研修2ヵ月／基本定時退社／年休120日,正社員,【営業職】◆1年目から高収入◆平均年齢27歳◆未経験入社95％ 正社員
脱毛の窓口 Tokyo Clinic | 日本橋院が2022年1月に新規オープン！／渋谷院／銀座院／大宮院,正社員,新規OPEN 医療脱毛クリニック【正・准看護師】未経験◎高収入☆ 正社員
株式会社家づくり本舗 | ◆完全週休2日制◆キャリアUPのチャンス豊富◆産育休実績あり,正社員,住宅ローンの【提案営業】★賞与最大年7回★完休2日★年休129日 正社員
株式会社FGGコーポレーション | 前給保証で更にスキルUP！/リモート勤務も可能/ソフト等もお任せ,正社員,前給保証◎【パース/CGデザイナー】自由な制作が購入の決め手に 正社員
株式会社ケイディアイ | 【東証一部上場のナックグループ】完休2日制・働きやすさ抜群,正社員,【営業系総合職（仕入企画営業／リノベーションアドバイザー）】 正社員
株式会社アミ―クス | 『トータルリペア』オーナー募集,FCオーナー,リペア職人として1人で独立！トータルリペアの【FCオーナー】 FCオーナー
株式会社アスタイル | 確かな信頼と実績を誇る総合不動産企業,正社員,【不動産売買営業】★未経験大歓迎★週休2日制★残業月25H 正社員
東建コーポレーション株式会社 | WEB面接実施！『 年齢に関係なく、まだまだやれる会社です！』,正社員,40～50代で転職の先輩、活躍中【営業】全国/未経験歓迎/年齢不問 正社員
日研トータルソーシング株式会社 | 【大阪府緊急雇用対策に賛同】★オンライン説明会開催中！,正社員,AI・自動化で話題の業界！【ロボットメンテナンス】◆未経験歓迎 正社員
UTエイム株式会社 | 大阪府緊急雇用対策に賛同【東証1部上場グループの安定基盤】,正社員,通勤しやすい職場で働く♪【倉庫内作業スタッフ】※土日休み可能 正社員
マルデナポリジャパン株式会社 | 100店舗チャレンジ始動★新ポストもあり未経験者もチャンス十分,正社員,未経験OK★好待遇あり★有名イタリアンの【店長・SV候補】 正社員
東建コーポレーション株式会社 | ＜転職成功者が多数＞年収320万から、860万を実現した先輩も◎,正社員,目指せ！年収UP【営業系総合職】年齢不問/全国・社会人経験募集 正社員
加納コーポレーション株式会社 | 賞与年2回、昇給年4回、完全週休2日制など、各種体制完備。,正社員,【もんじゃ焼き店長候補】経験を活かして次のキャリアへ 正社員
日研トータルソーシング株式会社 | 大阪府緊急雇用対策に賛同　★応募から1～2週間でスピード内定可,正社員,好きな街で働けるものづくり【サポートスタッフ】年休最大160日 正社員
新日本住設EAST株式会社 | 【7年連続140％売上伸長の安定基盤】★年収1000万円以上も可能！,正社員,名古屋限定募集！【営業スタッフ】★未経験歓迎＆月収80万円も可 正社員
悠悠ホーム株式会社 | ◎完全週休2日制 ◎充実の手当は10種類 ◎業界・業種未経験OK,正社員,【総合職】高い知名度&地場No.1の安定企業で長いキャリアを描く 正社員
ポラス株式会社 | 14年連続住宅販売No.1！知名度バツグン！地域に根差した安定企業,正社員,頑張り次第で高収入OK！豊かな生活を提案する【営業系総合職】 正社員
UTエイム株式会社 | 【東証一部上場グループ】★WEB面接OK／今月入社も可能,正社員,未経験・第二新卒OK【総合職(組立・検品等)】★月収42万円以上可 正社員
株式会社千葉東建設 | 未経験でも月給25万円～＋歩合給＋賞与年2回＋各種手当,正社員,100％反響型・ノルマなし【ハウジングアドバイザー】完全週休2日 正社員
株式会社平和地建 | 人々の暮らしに笑顔を増やす。なくてはならない企業となるために,正社員,不動産を通して、驚きと感動を生む。【反響営業】※未経験OK 正社員
UTコンストラクション株式会社 | 東証一部上場グループ★大手ゼネコンへの転籍実績も多数,正社員,前職給与保証!!【施工管理スタッフ】※土日休／残業月平均20時間 正社員
クリーンデバイス・テクノロジー株式会社,FCオーナー,カーエアコンクリーニング「空気の洗車屋さん」【FCオーナー】 FCオーナー
益三建設株式会社 | ＜設立50年！地域に愛された会社＞＊UIターン歓迎＊住宅手当あり,正社員,企画型注文住宅の【ホームアドバイザー】★業界・職種未経験歓迎 正社員
大同生命保険株式会社 | ★業界経験一切不問 ★有給取得実績多数 ★転勤なし ★土日休み,正社員,基本17時退社★平均月給42.9万円【法人営業】※社会人経験者限定 正社員
新日本住設EAST株式会社 | 【7年連続140％売上伸長の安定基盤】★年収1000万円以上も可能！,正社員,仙台限定募集★【営業スタッフ】★月収80万円も可能！未経験歓迎 正社員
株式会社エフティグループ | ★東証JASDAQ上場総合商社・安定性抜群★年休120日★WEB面接1回,正社員,【ソリューション営業】★年功序列なし！月給50万円スタート可！ 正社員
新日本住設EAST株式会社 | 【7年連続140％売上伸長の安定基盤】★年収1000万円以上も可能！,正社員,未経験歓迎！【営業スタッフ】★月収80万円も可能！★全国募集 正社員
株式会社三和交通統轄本部 | 有給消化98％/サービス残業0/賞与年2回/予約年200万件,正社員,【フードデリバリードライバー】未経験歓迎★給与保障有(規定有) 正社員
UTエイム株式会社 | 【超スピード選考】最短当日面接＆当日採用(規定有)！,正社員,【自動車製造スタッフ】転籍実績も多数！★月収42万円以上も可！ 正社員
株式会社アーキ・ジャパン | 平均月収53万円(施工管理・技術職)【大阪府緊急雇用対策に賛同】,正社員,《希望の勤務地》《高収入》《望む働き方》を実現！【施工管理】 正社員
株式会社テクトン | WEB面接可／20代・30代活躍中／年間休日125日／土日祝休み,正社員,IT×人材ビジネスの専門スキルを磨く！【人材コーディネーター】 正社員
株式会社吉安建設 | ＜大正5年創業＞熊本・菊池の総合建設会社／転勤なしで働ける,正社員,【施工管理(土木/建築)】★昇給年2回 ★賞与年3回 ★月給28万円~ 正社員
株式会社LEVELY | ★未経験歓迎(研修充実)／完全週休2日／女性活躍中／複数名採用,正社員,★未経験歓迎【エステティシャン】＼オープニングスタッフ募集／ 正社員
メットライフ生命保険株式会社 | 大阪アーバンエイジェンシーオフィス｜幅広い年齢層が活躍中！,正社員,【コンサルティング営業】豊かな人生を手に入れるため、働く。 正社員
HITOWAライフパートナー株式会社 | 全国募集★自宅開業OK★転勤なし◎未経験歓迎！学歴・スキル不問,FCオーナー,全員面接★高収入も目指せる◎手に職が付く仕事【FCオーナー】 FCオーナー
ハウスリンクホーム株式会社 | ■年休130日 ■残業月10h程＆残業代100％支給 ■社宅4.5万円補助,正社員,20～30代の未経験者が活躍中【不動産の仕入れ】■月給27.8万円～ 正社員
株式会社エアコン名人 | 　【IT×設備で成長中！】立ち上げメンバー/アプリで業務効率化,正社員,95%未経験！それでも月給40万。手に職の【サービススタッフ】 正社員
BSCモーゲージバンク株式会社 | ★業界No.1・東証一部上場ARUHIのFC企業として圧倒的シェア！,正社員,圧倒的ブランド力×高歩合！ 未経験から始められる【提案営業】 正社員
株式会社神美 | 女性専門のセルライトケア『THE PERFECT LINE』を全国に展開！,正社員,【エステティシャン】*女性活躍中*完全週休2日*年休120日 正社員
株式会社ムーブリフォーム | オープニングStaff募集◆未経験でも月15万円以上の歩合獲得可能,正社員,成約率30％以上！お客様に喜ばれて稼ぐ【営業職】完全週休2日制 正社員
株式会社T-TOP | コロナ禍でも業績好調｜オープニング募集｜平均月収40万円,正社員,月給28万円スタートも可能★【営業スタッフ】※埼玉限定募集※ 正社員
株式会社PEO | 東証一部上場アウトソーシンググループ◆賞与年2回◆退職金制度,正社員,今だけ特典総額140万円！【製造スタッフ】★土日休み★豊田募集 正社員
株式会社WILL | 「MOODYZ(ムーディーズ)」「S1(エスワン)」などを手がける企業！,正社員,アダルト作品をプロデュース！【プロデューサー】★未経験大歓迎 正社員
株式会社御剣商事 | ★★関西 積極採用中★★嬉しい福利厚生：理美容補助金など,正社員,＼20代の若手活躍中／【キャリアアドバイザー】※残業ほぼなし 正社員
株式会社ウイルテック | 〈自動車関連の製造スタッフ募集〉★毎週土日休み/残業も少なめ,正社員,★完休2日★年休121日！1年目から月収40万円超が可能【製造】 正社員
住友不動産販売株式会社 | 【東証一部上場住友不動産グループ】,正社員,【不動産売買仲介営業】◇営業職の半数以上が年収800万円超 正社員
株式会社アサンテ | <東証一部上場>★創業50年&国内売上No.1の安定基盤★未経験OK,正社員,年齢&経験不問！【営業】★手取月50万～も可能★賞与4ヵ月分 正社員
株式会社エージェントゲート | 化粧品メーカー等と取引/産育休取得＆復帰100％/残業基本なし,正社員,シフト制・夜勤の働き方を変えよう*年休130日【ITヘルプデスク】 正社員
株式会社エージェントゲート | 大手プライム多数/前職以上の給与最大限保証/リモート勤務有,正社員,常時1600件！技術を極めるも上流も、希望実現【SE・PG】 正社員
株式会社センス | ★未経験からでも年収1000万円超の先輩が活躍中★100％面接保証,正社員,【営業系総合職】週休3日／月末5連休などユニークな働き方も◎ 正社員
株式会社グッドライフ | ◇社員の多くが入社3～5年目に年収600～800万円を超えを実現◇,正社員,【インサイドセールス】未経験者歓迎！入社3ヵ月で即昇格も可能 正社員
株式会社エージェントゲート | 直近も増益の安定基盤/残業基本なし/リモート勤務も実施中です,正社員,年休130日！IT未経験OK！安定の手に職をプラス【IT事務】 正社員
株式会社ビルドイット | 設計からの請負い案件100％で高収入可 ★残業全社平均月10h以下,正社員,★前給保証★前職年収2割増しを保証【ITエンジニア】年休128日 正社員
株式会社貴順 | ★未経験歓迎★週・日払い可★男女活躍中★契約祝金最大10万円！,業務委託,【軽ドライバー】都会で稼ぐ！月収50万円も可能★支度金＆寮制度 業務委託
クルーガーグループ株式会社 | 1ヶ月半の研修で未経験も安心◆全国募集で転勤なし◆福利厚生◎,正社員,未経験から始める【ルートセールス】☆45歳以下限定 ☆面接保証 正社員
ME不動産東葛株式会社 | 9割が未経験入社★拠点拡大に伴い、未経験から役員を目指せる！,正社員,【不動産営業】完全週休2日制★賞与あり★飛び込みテレアポなし 正社員
株式会社エネクスコンサルティング | 【ENEX Holding Co.】土日祝休みの完全週休2日制★年休120日以上,正社員,”自己成長”のための転職を―。【 法人営業 】*未経験者も歓迎 正社員
有限会社ダイイチ機設工業 | 未経験でも、学歴に自信がなくても高収入を目指せます！,正社員,未経験歓迎【 技術スタッフ 】年2回のボーナスで平均180万円支給 正社員
株式会社ネクステージ | ◎東証・名証一部上場 ◎土日祝休も可 ◎平均年収740万円,正社員,店舗型営業【カーアドバイザー】★地域限定職採用 ★転勤ナシ 正社員
プレミアムウォーター株式会社 | ★年間休日180日以上＆残業月15時間以内 ★月収30万超も可能,正社員,上場企業グループで働く【製造スタッフ】★未経験歓迎 ★残業少 正社員
株式会社ワイズ高橋 | 業界でも珍しい、弊社ならではの買取職にご注目！退職金制度あり,正社員,高級輸入車店の【総合職(販売・買取)】★未経験歓迎 正社員
株式会社ゴールドファステート | 【20代の若手が多数活躍中！】※大阪府緊急雇用対策に賛同,正社員,"未経験スタート9割【営業】★残業10h ★平均年収1,000万円以上 正社員"
株式会社いーふらん | 買取専門店「おたからや」を全国1300店舗(出店待機含)展開！,正社員,【買取営業】入社初月収50万円超続出！／完全反響営業／経験不問 正社員
東京エムケイ株式会社 | 月収実績:タクシー81.3万円/ハイヤー119.8万円★有給取得80％超,正社員,最高級サービスを届ける【コンシェルジュドライバー】※学歴不問 正社員
テレック株式会社 | 土日祝休みOK／産・育休完備／入社2年目で月給34万円も可能,正社員,【受付】完全週休3日・年休156日・原則定時退社・月給23万円以上 正社員
アップライブステージ株式会社 | テレワークの普及に伴い売上も2倍◎実績給で最高70万円支給有,正社員,【ライブ配信コーディネーター】★タレント発掘＆育成★高卒以上 正社員
株式会社あひるコンサルティング | ★目標は自分で決めるもの。自分を律して「ガッツリ」稼ぐ！！★,正社員,しっかり稼ぐ！【コンサルティング営業】★未経験でも固定給保証 正社員
株式会社ユタカホーム | ★残業1日1H以下 ★転勤ナシ ★定着率97％ ★完全週休2日制,正社員,未経験でも月給37万円以上！【施工管理】★引っ越し手当など充実 正社員
株式会社京栄コンサルティング | 法人営業（年収例:720万円/25歳/中途入社4年目）,正社員,【法人営業】◆人材×Web集客◆ベンチャー企業◆月給25万円以上 正社員
株式会社ワークナビ | [創業以来売り上げ増加中]■2021年ベストベンチャー100に選出！,正社員,"『楽しく稼げる会社』""NO.１""を目指す！【法人ルート営業】 正社員"
エーアイアールグループ合同募集 | ★中途採用者活躍中★20～30代男性活躍中★残業少なめ★研修充実,正社員,【ルームアドバイザー】★1年目で月収85万円以上可★11月入社可 正社員
株式会社ホットスタッフ博多 | 北九州、行橋、小倉、飯塚、新宮、久留米に拠点を展開！,正社員,人材派遣会社の【 営業職 】★経験ゼロでOK！まずはご応募下さい 正社員
実用春日ホーム株式会社 | <「文京区に特化、13店舗展開」が強み！>★平均残業30時間以内★,正社員,店長の平均月給51万円！【不動産営業】★店長候補★賞与年3回！ 正社員
株式会社リライズ | 研修制度・資格取得支援！未経験でも成果が出せる仕組み！,正社員,◎未経験から高額インセン/業界成約率の4～5倍！【不動産営業】 正社員
アプライド マテリアルズ ジャパン株式会社 | 「初任給が高い」未上場企業ランキング第2位,正社員,【保守修理スタッフ】学歴不問◆年間休日123日◆北陸エリア募集 正社員
株式会社エムズクリエイティブシステム | 《前給保証》《社長も元エンジニア》《昨対比130％増で成長中》,正社員,定着率98％！“ずっとここで――”と思える会社【ITエンジニア】 正社員
アプライド マテリアルズ ジャパン株式会社 | 「初任給が高い」未上場企業ランキング第2位,正社員,【保守修理スタッフ】学歴不問◆年間休日123日◆広島県募集 正社員
アプライド マテリアルズ ジャパン株式会社 | 「初任給が高い」未上場企業ランキング第2位,正社員,【保守修理スタッフ】学歴不問◆年間休日123日◆九州エリア募集 正社員
アプライド マテリアルズ ジャパン株式会社 | 「初任給が高い」未上場企業ランキング第2位,正社員,【保守修理スタッフ】学歴不問◆年間休日123日◆三重県募集 正社員
アプライド マテリアルズ ジャパン株式会社 | 「初任給が高い」未上場企業ランキング第2位,正社員,【保守修理スタッフ】学歴不問◆年間休日123日◆京都府募集 正社員
アプライド マテリアルズ ジャパン株式会社 | 「初任給が高い」未上場企業ランキング第2位,正社員,【保守修理スタッフ】学歴不問◆年間休日123日◆関東エリア募集 正社員
アプライド マテリアルズ ジャパン株式会社 | 「初任給が高い」未上場企業ランキング第2位,正社員,【保守修理スタッフ】学歴不問◆年間休日123日◆東北エリア募集 正社員
日野自動車株式会社 | 東証一部上場・TOYOTAグループ・家具付き無料寮完備(光熱費無料),契約社員,【製造スタッフ】★入社祝金・３ヵ月毎の慰労金有★＜全国募集＞ 契約社員
株式会社グランドジャパン | 20代歓迎/住宅手当3万/8日間の連続休暇可/福利厚生充実,正社員,"将来の幹部候補【不動産営業】未経験大歓迎/初年度年収1,500万可 正社員"
株式会社GoodWorkJapan | ★全国募集 ★収入UPを実現した先輩多数 ★残業少なめ,正社員,【施工現場の管理スタッフ】★面接1回★年間休日120日以上 正社員
株式会社ジーアフター | 輸入車・国産車の買取、販売◇売上前年比130%成長で不況知らず！,正社員,車販売の【営業・店舗運営】未経験者も月給30万以上でスタート！ 正社員
株式会社ウイルテック | <未経験歓迎！>月収45万円以上も可能な好待遇／世界各国が勤務先,正社員,大手メーカー内で活躍！半導体製造装置の【据付・調整スタッフ】 正社員
株式会社テクトン | 「未経験で心配・・・」そんなあなたを応援する会社,正社員,★接客・販売職からの未経験入社多数★Excel研修あり【事務職】 正社員
新日本ハウス株式会社 | 転勤ナシ＝好きな街で働けます！吉幾三さんのCMでおなじみの会社,正社員,40～50代も活躍中★お客様に喜びを与えられる【リフォーム営業】 正社員
中部自動車販売株式会社 | ★創業以来黒字・無借金経営 ★10月本社を新自社ビルに移転！,正社員,【カーライフアドバイザー】年収1000万円以上可能★完全反響 正社員
株式会社ホンダカーズ中央佐賀 | 《 佐賀からの転勤なし 》借上社宅/積立有給休暇/社割など充実☆,正社員,《 完全人柄採用 》安定した生活水準を送ろう！【 営業 】 正社員
株式会社あひるコンサルティング | 業界未経験者も活躍できる、残業も少なめで働きやすい環境です,正社員,"人気住宅ローン""フラット35""の【 ルート営業 】高収入も目指せる 正社員"
株式会社要 | ＜ゲームやアプリ開発、インフラ構築など案件豊富＞※経験者歓迎,正社員,【ITエンジニア(開発/インフラ)】★残業平均7H以下★有給即付与 正社員
株式会社優誠 | 【大阪府緊急雇用対策に賛同】ノルマなし＆成約率は50％以上！,正社員,【営業スタッフ】未経験OK／月収100万円超も可能／基本土日休み 正社員
株式会社ハマエンジニアリング | 【TV＆WEBCM絶賛放映中】賞与年3回★20代で年収450万円超えも可,正社員,＼大分・長崎限定採用／ 【半導体メンテスタッフ】※交代勤務 正社員
株式会社トップ | 《トップHDグループ》33歳*月給例:月給29.1万円＋インセン＋賞与,正社員,3人に1人は年収1000万円！【 提案営業 】*全国募集*経験者募集 正社員
株式会社PENTAGON | 月給27万円～/入社1年目平均年収は480万円/頑張りは正当に評価◎,正社員,仙台限定募集＆転勤なし【ダイレクトセールス】★面接保証★ 正社員
株式会社PENTAGON | 頑張りは正当に評価◎/1回のインセンティブで100万円稼ぐ人も！,正社員,★大阪・滋賀・高松・姫路募集★【ダイレクトセールス】転勤なし 正社員
株式会社TERASS | 定着率94.9%/仲介手数料の75％が年収/副業OK/面接1回,業務委託,フルリモート【不動産売買仲介エージェント】※業界経験者募集 業務委託
東京エムケイ株式会社 | ハイヤー月収実績119.8万円※2021年8月度支給実績/男性育休実績,正社員,年収1000万円も可能！【高級車ハイヤーのドライバー】※高卒以上 正社員
株式会社テイクス | 【新宿事業所】21年連続増収増益！上場企業グループ会社,正社員,【ITエンジニア】キャリアの実現に向け徹底サポート！高卒以上 正社員
株式会社テイクス | 【本社】個性・長所を伸ばす風土！上場企業グループ会社,正社員,【ITエンジニア】積極採用ついにスタート！Web面接可！学歴不問 正社員
住宅セレクション株式会社 | 《引越費用半額負担有！全国から神奈川湘南で働きたい方大歓迎》,正社員,【不動産営業】★完全週休2日制 ★年間休日115日 ★残業少 正社員
株式会社オープンハウス | 東証一部上場◆20代の管理職率76％◆年4回昇給&昇格のチャンス有,正社員,【総合職】人事/提案営業◆未経験歓迎◆20代の若手が活躍中 正社員
株式会社杉並モータース | ★残業代100%支給★有休取得率ほぼ100％ ★Web面接OK★日勤勤務,正社員,未経験歓迎♪平均月収45万円！【ロードサービス】※育成枠採用 正社員
株式会社京栄センター | 《名古屋/東京/宇都宮/大阪/京都/福岡での募集》平均年齢27.5歳,正社員,未経験OK！自分が成長できるステージへ【人材コーディネーター】 正社員
株式会社サンテック | 【圧倒的安定感】業界大手×インフラ事業／コロナ禍でも業績好調,業務委託,割り振られた案件をこなして月収50万円超【家電修理スタッフ】 業務委託
株式会社ミックウェア | ★ホンダやトヨタのパートナーとして最先端技術を駆使！,正社員,働き方が選べる【ITエンジニア】大量採用!中途入社が多数活躍中! 正社員
東日本住宅株式会社 | <50期連続で黒字経営の成長企業＆新店OPEN予定>★未経験者歓迎,正社員,ニーズ拡大！UR(公団)・公社住宅等の【営業】★1週間以内で内定 正社員
日本交通株式会社 | 三鷹営業所★飲食関連や個人事業主など前職様々なメンバーが活躍,正社員,働きやすさが自慢！【総合職(乗務員・キッズ・ケアサポート等)】 正社員
株式会社京進 | 東証二部上場,契約社員,"【学習塾教室長】独立を目指し、教室長として""経営""を学べる！ 契約社員"
株式会社ＺＵＮＤ | ★姫路から世界へ！宇宙一のラーメン屋を目指すための増員募集★,正社員,『ラー麺ずんどう屋』のスープや麺をつくる【製造スタッフ】 正社員
株式会社Right Armサービス | 大手不動産管理会社や住宅メーカー多数と取引する安定企業,正社員,賃貸物件の【退去立会・点検スタッフ】未経験でも月給30万円～ 正社員
株式会社AOA | 【大阪府緊急雇用対策に賛同】平均年齢27歳◎2部も同時募集★,正社員,踏み出せ！よじ登ろう！高収入への道★稼げる【広告プランナー】 正社員
株式会社El．Assist． | (エレ アシスト) 昨今注目の、電力不足や光熱費上昇の課題も解決,正社員,【営業スタッフ】◇未経験OK！◇残業少なめ ◇月給23万円～ 正社員
株式会社Be-flow | 全国売上《トップ5位》は全員が当社の社員！,正社員,社員全員が月収100万円以上！月給25万円～×土日祝休【営業】 正社員
レイス株式会社 | 国内TOPクラスの総合コンサルティング会社,正社員,【営業】企業経営者が抱える様々な課題に対して解決手段を企画！ 正社員
株式会社ヨドバシカメラ | ★残業代100％支給★賞与年2回★社員割引あり★福利厚生も充実,正社員,【物流総合職】★第二新卒/未経験歓迎★週休4日など選べる働き方 正社員
株式会社ガイア | 月給25万円以上！培ってきた豊富な経験を活かしませんか？,正社員,大規模プロジェクト多数【開発許認可・土木設計コンサルタント】 正社員
株式会社山由製作所 | 大手食品メーカーの “新しい価値を生み出す” 技術パートナー！,正社員,世界に1つの製造設備をつくる【技術スタッフ】 ★未経験歓迎 正社員
株式会社エス・エル・エス福岡 | 総合レジャーサービスグループ(九州全県、広島県に35店舗展開),正社員,未経験OK【経営戦略・企画】店舗開発や経営まで幅広く経験できる 正社員
株式会社ジョイナス | 【1980年設立！上場企業と直取引】★賞与年2回＋別途インセン有,契約社員,スポーツ用品等の【自社製品のパッケージデザイナー】※契約社員 契約社員
株式会社SALTO | ＃年休132日＃フルリモート案件多数＃完全週休2日制,正社員,☆前給考慮☆Web面接1回のスピード選考【開発エンジニア】 正社員
株式会社秋山住研 | 【設立42年】地域に根ざした工務店◎100億企業を目指し拡大中！,正社員,完全反響型【営業】高品質＆低価格な住宅で商談チャンス豊富！ 正社員
株式会社R'zソリューション | 活躍の舞台は、大手メーカー工場★住宅手当あり／長期休暇あり,正社員,未経験から始める【 ロボットエンジニア 】年間休日123日/土日休 正社員
フォーザウィン株式会社 | ＜有休消化率100%／残業月平均15時間以下／年間休日125日＞,正社員,【設計エンジニア（機械/CAD）】★完全週休2日制（土日） 正社員
ディーエムソリューションズ株式会社 | JASDAQ上場／設立以来17期連続黒字経営！年休124日・土日祝休み,正社員,リピート率95%超の【企画営業】★最大30万円の引っ越し手当！ 正社員
菅原興業株式会社 | 【設立45年】＊転勤なし！職場近くにキレイな格安寮＆仮眠室あり,正社員,鉄道軌道の【工事・保守スタッフ】＊未経験でも月給40万円以上！ 正社員
株式会社京進 | 東証二部上場,FCオーナー,【学習塾経営】転職して社員に？いや、次のキャリアは独立だ！ FCオーナー
セットライフエージェンシー株式会社 | #残業月平均5時間以下 #初年度年収例：年収800万円/中途1年目,正社員,お客様とご家族の人生に寄り添う【ライフプランコンサルタント】 正社員
ワンダーグループ株式会社 | 面接1回／選べる働き方！土日祝休みor指定休日の中でシフト制♪,正社員,未経験OK！【採用人事・事務】早期キャリアUPも可能／年休120日 正社員
株式会社Al・assembly | ◎日勤のみ◎週休2日制の土日休み◎資格取得支援制度あり♪,正社員,正社員で活躍できる【組立配送スタッフ】◇年休115日◇賞与あり 正社員
"株式会社リオグループ | #入社1年6ヶ月／年収1,200万円 #入社8ヶ月／年収640万円等の実績",正社員,【総合職(店長候補・フロアスタッフ・営業・企画・広報)】 正社員
UTエイム株式会社 | 【東証一部上場グループ】”九州でずっと働きたい”を叶える！,正社員,【サポートスタッフ(PC入力・検査等)】★九州限定募集／転勤なし 正社員
UTエイム株式会社 | 【東証一部上場グループ】コロナ禍でも安定して成長中★,正社員,【製造管理事務スタッフ】九州限定★未経験OKの簡単作業 正社員
ユナイテッド＆コレクティブ株式会社 | 東証マザーズ上場★売上好調につき社員大募集！,正社員,年収550万円！月9日休＊入社祝金10万円【店長職】 正社員
リンク・プロフィット・システム株式会社 | 社食・食事補助あり／残業少なめ／公平な評価制度あり,正社員,【ITエンジニア(システム開発/インフラ構築)】☆月給30万円以上 正社員
オリンパス株式会社 | 消化器内視鏡分野で世界シェア70％の医療機器メーカー,正社員,医療現場を支える【カスタマーサービス】※研修・福利厚生充実 正社員
オリンパス株式会社 | 消化器内視鏡分野で世界シェア70％の医療機器メーカー,正社員,圧倒的な商品力で医療業界のトッププレイヤーを目指す【営業職】 正社員
UTパベック株式会社 | 【東証一部上場グループ】入社祝い金10万円支給エリア多数！,正社員,未経験歓迎【工場内作業(データ入力/検品)】★月収35万円以上可 正社員
グッドモーゲージ株式会社 | 昨年対比売上184％の成長企業！年間休日122日！完全週休2日制,正社員,【提案営業】「圧倒的な商品力」が「武器」に！年収平均700万円 正社員
佐藤建業株式会社 | 今年で創立61周年！杉並区・都内の地域に密着した工事事業を展開,正社員,【施工管理】官公庁・自治体からの依頼多数◎賞与年2回以上！ 正社員
税理士法人松本 | 業績好調&安定基盤◆新宿オフィス拡張移転しOPEN！◆男性活躍中,正社員,【税務会計スタッフ】★未経験大歓迎　意欲的な仲間と成長を！ 正社員
FUJINO HOUSE ENGINEERING株式会社 | 応募者は100％面接／残業ほぼなし／完全週休2日制(土日)もOK,正社員,選べる働き方！「休日重視」or「給与重視」【作業スタッフ】 正社員
株式会社ニューアート・シーマ | 日本最大級のダイヤモンド専門店『銀座ダイヤモンドシライシ』,正社員,全国募集／ブライダルジュエリーの【接客販売】★完全週休2日制 正社員
株式会社エービーシーホーム | ◆21年連続業績アップ◆既婚率7割◆インセンティブ年間最大16回,正社員,来年4月新店OPEN!【リフォームの提案営業】★年収1000万以上可能 正社員
株式会社HIRAYAMA | 《業績好調》黒字経営を続ける安定企業★月収37.5万円の高収入！,正社員,【重機オペレーター（ユンボ）】★年収500万円可 ★賞与年2回 正社員
株式会社窪治組 | ★転勤なし★社員寮完備★残業ほぼなし★実働7.5h★各種手当充実,正社員,【総合職(技術者/ドライバー/資材の搬入等)】★社会人経験者募集 正社員
株式会社本田住設 | #東証一部上場ダイキアクシスと直接取引#独立支援もあり,正社員,屋内作業が基本！住宅設備の【施工スタッフ】★高収入が可能 正社員
UTエイム株式会社 | 【東証一部上場グループ】社宅費や赴任旅費交通費は全額補助！,正社員,未経験歓迎【ものづくりスタッフ】志望動機不問＜東日本限定＞ 正社員
コーンズ・モータース株式会社 | ＜フェラーリ、ロールス・ロイスなど高級輸入車の正規代理店＞,正社員,【営業】★完全週休2日制★賞与計5ヵ月分支給＆高インセン有 正社員
株式会社ネオート | 未経験歓迎/20代活躍中！/ 月平均7万円のインセンティブあり,正社員,オープニングスタッフ募集【買取のお仕事】未経験でも30万円以上 正社員
株式会社太田興産 | JASDAQ上場（株）ジェーソンの持株会社◆銀座4丁目の自社ビル！,正社員,【不動産管理】★自社が所有する賃貸物件の管理・マネジメント★ 正社員
株式会社東名 | 東証・名証一部上場企業／残業少なめ／名駅スグ／女性社員活躍中,正社員,【ITコンサル営業】既存顧客／年休120日／オフィスカジュアルOK 正社員
株式会社山崎機械店 | 【創業76年の専門商社】賞与年2～5ヶ月／年収1000万円を目指せる,正社員,【総合職(営業・事務)】★残業月平均20h以内※未経験歓迎 正社員
シンエイホーム株式会社 | メリハリ付けて働ける＆高収入！子育て中のスタッフも活躍中◎,正社員,残業月10h程度！未経験からでも月給25万円【リフォーム作業員】 正社員
株式会社バグース | ★経験者優遇★賞与2回＋決算賞与★年3回10日程度の長期休暇あり,正社員,修繕工事の【施工管理】★月給33万円以上+インセンティブ！ 正社員
株式会社ピースリー | 積極面接中!!年休120日以上でプライベートも充実◎20代活躍中★,正社員,【営業職】土日休み高収入可能！家賃補助50％負担！？未経験OK！ 正社員
株式会社丸八ダイレクト | ◆名証二部上場「丸八グループ」◆WEB面接可◆報奨金・賞与年2回,正社員,【販売スタッフ】未経験でも月30万～可★嬉しい社宅有★学歴不問 正社員
株式会社ホンダクリオ南海 | 未経験歓迎／初年度年収400万円～※大阪府緊急雇用対策に賛同,正社員,未経験でも安心！リピート顧客9割の【提案営業】月給26万円以上 正社員
株式会社ゲッコー | 年2回5～7日の長期休暇アリ・直行直帰OK・転勤ナシ,正社員,材料や資材を運ぶ【技術系総合職】20代の平均月収〈約43万円〉！ 正社員
シティロード株式会社 | 大手舗装会社のグループ：資格取得支援も充実！WEB面接対応◎,正社員,【土木施工管理】★寮や充実な手当有り！・年間休日129日★ 正社員
株式会社ダイケンビルサービス | 創業63年の安定企業：残業月20時間以内・福利厚生も充実！,正社員,安定感抜群！【設備管理】未経験大歓迎！面接1回のスピード採用 正社員
コーンズ・モータース株式会社 | ＜フェラーリ、ロールス・ロイスなど高級輸入車の正規代理店＞,正社員,フェラーリの【セールスマネージャー】★初年度で年収870万～可 正社員
株式会社大崎産業 | 増収増益を継続中／公共工事をメインに安定した会社で働く！,正社員,土木基礎工事を通して大きな社会貢献【工事スタッフ】未経験歓迎 正社員
洋伸建設株式会社 | 五洋建設グループ◎施工管理技士2級⇒1級へキャリアUPも叶います,正社員,【土木施工管理】◎完全週休2日(土日祝)／年休120日以上 正社員
アイテル株式会社 | 全国6拠点募集／毎月選べる働き方／年収1000万円も目指せる,正社員,高級車の【カスタマイズスタッフ】賞与4ヶ月／年休120日超も可能 正社員
旭紙工株式会社 | 月給25万円~+賞与5ヶ月/基本定時退社/大阪府緊急雇用対策に賛同,正社員,未経験歓迎！花束やラッピングに使われる紙の【製造スタッフ】 正社員
株式会社タイセイリサイクル | リサイクル事業を展開＊環境省「エコアクション21」の認証取得,正社員,高収入×力仕事なし☆未経験でも始めやすい【工場作業スタッフ】 正社員
サンコーコンサルタント株式会社 | 社会インフラ整備を企画・設計する安定企業 ★賞与4.9カ月分,正社員,経験活かして無理なく勤務【電気設計エンジニア】＊土日祝休み 正社員
株式会社貴順 | 東日本トップクラスの宅配・配送企業★需要拡大中★寮制度あり,正社員,★正社員募集【サポートドライバー】未経験でも月30万円以上！ 正社員
関西不動産販売株式会社 | 16期連続で増収増益｜北摂エリアにてトップクラスの知名度＆実績,正社員,圧倒的な反響＝高収入を実現！【リフォーム営業】※業界未経験OK 正社員
株式会社カナクラ | #家族葬に特化#業績好調#高松市内中心#高松の成長中企業,正社員,完全週休2日制◎1年目で月収30万円が可能な【内勤営業スタッフ】 正社員
社会福祉法人ひまわり会 | 賞与年3回（4.8ヵ月分：前年実績）・産育休取得＆復帰実績も多数,正社員,日祝固定休み！公法人で安定のキャリアを築く【保育スタッフ】 正社員
関西不動産販売株式会社 | 16期連続で増収増益中｜固定給25万円を最低保証｜随時昇給あり,正社員,年間ボーナス1000万円の支給実績多数【不動産営業】業界未経験OK 正社員
株式会社未来図建設 | 【創業120周年の老舗企業】■転勤なし ■月給35万円～,正社員,【 営業 】※仙台営業所・幹部候補募集／厚待遇をご用意 正社員
株式会社ILLEST PLUS | 各業界の大手企業と取引あり／土日祝休み／年間休日120日以上,正社員,幅広い視点で、Webマーケティングを支援【企画営業】未経験もOK 正社員
株式会社ナチュレカード | 〈 建物検査事業 〉◎時間・場所、休み、収入が自由自在！,業務委託,副業やWワークとしてもOK！【 建物検査員 】40代～60代も活躍中 業務委託
株式会社ムラカミ | ◆業績好調◆転勤なし、香川でずっと働ける◆寮あり,正社員,残業ほぼなし◎お客様は香川県内の【ルート営業】※未経験歓迎 正社員
株式会社東名 | 東証・名証一部上場企業／残業少なめ／産休・育休取得実績あり！,正社員,未経験からオフィスワークデビュー★100％反響【内勤営業】 正社員
日本交通横浜株式会社 | 11年連続売上No.1*の日本交通グループ☆入社準備金30万円支給！,正社員,【EXドライバー(VIP・ハイヤー送迎)】ミドル活躍中／年収790万可 正社員
株式会社relation | 【大阪府緊急雇用対策に賛同】#自社内開発 #定着率95％以上,正社員,【SE・PG】希望が叶う理想のエンジニア像へ★年収1000万円も可★ 正社員
株式会社クレス不動産 | 反響営業だから、未経験でもムリなく稼げる＊,正社員,《多くの先輩が未経験スタート！》新築住宅の【不動産営業】 正社員
日本交通横浜株式会社 | 11年連続売上No.1*の日本交通グループ☆入社準備金30万円支給！,正社員,【ホスピタリティドライバー】女性・ミドル活躍中／充実保証あり 正社員
株式会社アクティブフュージョンズ | 前給保証！自社内開発・受託増加中★リモート／残業月10h以下,正社員,マネジメント「嫌」OK【SE/PG】年休125日・残業ほぼなし・自社内 正社員
株式会社キョウシン | 大阪府緊急雇用対策に賛同 ★完全週休2日！残業月平均5時間！,正社員,【賃貸営業】100%反響/最大34万円のインセンティブを毎月支給！ 正社員
株式会社アイタン | ★創業から21年連続売上UP★賞与年2回＋臨時賞与（4年連続支給）,正社員,消防設備の【法定点検スタッフ】月給30万円以上／未経験歓迎☆ 正社員
株式会社ZEROBASE | ノルマ・飛びこみ・テレアポなし★中途入社100％★年休120日,正社員,100％反響型の【不動産営業】★月30万～★残業ほぼなし＆完休2日 正社員
株式会社ソルエナジー | 未経験OK｜月給28万円以上｜残業ほぼナシ｜週休2日制(土日),正社員,太陽光発電・蓄電池・LED照明の【反響営業】 正社員
株式会社ユタカホーム | 創業46年の安定企業★年間休日120日★土日祝休み★基本定時退社,正社員,自社Webサイトをトータルに手掛ける！【Webディレクター】 正社員
株式会社レジット | 月給37万円も可能！/ 資格支援制度 / 服装・ヘアスタイル自由,正社員,【Webデザイナー】★年収800万円も実現できる★フレックス制 正社員
株式会社モトーレン福島 | 《福島県内唯一のBMW／MINI正規ディーラー》★県外転勤なし,正社員,未経験から成長できる！【反響営業】※福島限定募集・制度充実 正社員
株式会社メイズ | ☆賞与年3回☆完全週休2日制☆1週間以上の長期休暇×年2回,正社員,年休120日以上！高収入可能！未経験が活躍の職場！【法人営業】 正社員
株式会社キャリアサービス | 【年休125日以上】【産休育休実績あり】★20代・30代活躍中！,正社員,未経験月給35万保証！【人材コーディネーター】高卒以上 正社員
株式会社フカケン | ★20・30代の若手活躍中！★未経験者・経験者ともに歓迎！,正社員,元請け＆大手飲食店の【内装施工管理】★週休2日★月給80万も可 正社員
ウィンクルム株式会社 | 土日祝日休み ★月給25万円以上＋インセンティブ ★平均年齢27歳,正社員,スマホ決済サービスの【提案営業】※土日祝休み／未経験歓迎！ 正社員
株式会社データワンテクノロジー | 【業績好調】★10月に「浅草橋駅」スグの新オフィスに移転,正社員,【ITエンジニア】＊定着率90％ ＊土日祝休み ＊支援も手厚い 正社員
ウィンクルム株式会社 | 未経験でも月給25万円以上＋インセンティブ／完全土日休み,正社員,フードデリバリーサービスの【提案営業】※土日祝休／月給25万円 正社員
株式会社エール | 10月23日(土)開催のマイナビ転職フェア福岡に出展＠JR九州ホール,正社員,街で見かける似顔絵看板の【営業職】※年収800万円超も可能！ 正社員
Garrett Japan合同会社 | 【大人気ポップコーンのお店】★有給消化100％★正社員登用あり,契約社員,【店舗管理スタッフ】★完全週休2日制★年休123日★基本残業なし 契約社員
井本刃物株式会社 | 創業約100年｜自衛隊や東京消防庁でも当社製品が使われています,正社員,未経験歓迎！人気上昇中のDIYツールを手掛ける【製造スタッフ】 正社員
株式会社レーベンゼストック | 東証一部上場グループ★宅建保有者大歓迎★残業少なめ★土日休み,正社員,【営業】★土日休み＼未経験OK！「買い取る」営業にチャレンジ／ 正社員
株式会社マイナビM&A | マイナビグループの信頼を活かして、事業承継問題を解決！,正社員,安定基盤で成長できる【M＆Aコンサルタント】金融経験者が活躍中 正社員
株式会社ベルハウジング | ＜ 設立35周年 ＞グッドデザイン賞の住宅／未経験から成長できる,正社員,年齢・社歴に関係なく輝ける【営業】年収600万円も可能 正社員
株式会社セルモ | ＜セルモグループ＞冠婚葬祭業界のリーディングカンパニー,正社員,あなたの夢が叶う！インセンティブ充実★年収600万円可【営業】 正社員
グリーンアースパワー株式会社,正社員,貴金属・ブランド品などの買取営業 正社員
株式会社ツイテルホーム | 有給取得も推奨｜昇格チャンス年4回｜平均歩合支給額は月10万円,正社員,＼土日祝休み／【住まいアドバイザー】 ※未経験から高収入可 正社員
株式会社朋友 | 社員を最も大切に 有給取得率94％！｜定年以降も働ける会社,正社員,入社祝い30万円★【大型/中型ドライバー】月給30～最大50万円！ 正社員
西日本高速道路エンジニアリング中国株式会社 | 【NEXCO西日本グループ】◎年収600万円以上も目指せます！,正社員,【土木技術者(管理・点検・設計など)】◎年休120日×完全週休2日 正社員
株式会社松尾モータース | 未経験から、国家資格取得を支援！定着率も抜群です！,正社員,【整備士】軽自動車専門なので、体の負担が少ない＆残業ほぼなし 正社員
株式会社クラウディオサステナビリティ | 土日休み・年休120日以上・フレックスタイム制・リモートOK,正社員,大規模プロジェクトで活躍！【ITコンサルタント】 月給50万円～ 正社員
ホクセツハウス株式会社 | 【ホームメイトFC 高槻駅前店】#駅チカ #有給の取りやすさ◎,正社員,未経験≪大≫歓迎＊楽しく知識が身に付く【ルームアドバイザー】 正社員
株式会社古谷商事 | 大きな裁量権のもと、自分の店舗を持つことが出来る！,正社員,【飲食店スタッフ(調理・ホール)】◎未経験歓迎★応募者全員面接 正社員
日動工業株式会社 | LED照明や施設照明から便利商品まで企画開発する安定メーカー,正社員,空間を照らす”LED照明”を手掛ける！【製造スタッフ】年休129日 正社員
"東山管理センター株式会社 | 京都本社/創業65年以上/京都大学,桂離宮なども手掛ける優良企業",正社員,「京都」の水環境を守る【調査・メンテナンス】※年間休日125日 正社員
エヌケー貿易株式会社 | ◆昇給年2回 ◆賞与年2～3回,正社員,ゲーム機や玩具の【ECサイト運営】★賞与年2～3回★年休130日 正社員
オリエント住宅販売株式会社 | 広告投資に積極的だから集客力◎／20代～30代活躍中／実働7時間,正社員,年収1000万円は夢じゃない★【不動産営業】未経験OK・残業少なめ 正社員
株式会社九州電気保安センター | 【電話問い合わせもOK】土日の完全週休2日で基本残業なし！,正社員,希望に合った働き方ができる電気設備の【保守・点検スタッフ】 正社員
"株式会社Wisdom Technology | 土日祝休みの完全週休2日制！年収1,000万円以上も目指せます",正社員,上場企業との取引実績多数！上流工程にも携われます【 SE/PG 】 正社員
株式会社サーバントップ | 完全週休2日制／残業なし／業界高水準のインセンティブ制度,正社員,成長×結果×対価＝年収1000万以上も可！【法人営業】※土日祝休 正社員
エイトリンク株式会社 | 毎月インセンティブ＋賞与年2回有り！有給取得率100%,正社員,未経験歓迎！【企画営業】★転勤無し★女性7割★女性大活躍中！ 正社員
有限会社ゼロ・ワークス | ★ 普通免許があれば【全員面接】★｜大阪府緊急雇用対策に賛同,正社員,【技術スタッフ】★残業ほぼ０★直行直帰OK★平均月収30万円以上 正社員
山陽自動車運送株式会社 | 【大阪府緊急雇用対策に賛同】東証一部上場のグループ企業,正社員,あなたが『求めるもの』が当社にあります【2t・4tドライバー】 正社員
株式会社ARS | 残業少なめ＆完全週休2日でオフも充実！賞与年4回可！面接1回！,正社員,【メンテナンススタッフ】★年休123日★未経験・第二新卒歓迎 正社員
KSネットワーク株式会社 | 大手コンビニを手掛けているので業績も安定中♪,正社員,【 CADオペレーター 】内勤？外勤？あなたはどっち！ 正社員
株式会社コネクト | ◆転勤なし◆毎月インセン有＋賞与年3回◆1年目から高収入が可能,正社員,【法人向け企画営業】週休2日制（土日祝休み）／年間休日120日 正社員
アサカホーム株式会社,正社員,残業なし★商談無し★デスクワーク無し【不動産営業】未経験歓迎 正社員
イオンリチウムエナジー株式会社 | 【 平均月収80万円 】★隔週週休3日制 ★ノルマなし ★転勤なし,正社員,40代50代も活躍中！月給33.5万円～【 反響営業 】※ブランク不問 正社員
株式会社Markus | ＜増員募集＞★面接1回★年収1000万円も目指せる／残業ほぼ0,正社員,高級不動産の【賃貸営業】高インセンティブ × 昇給年4回★ 正社員
株式会社フレスタ | ITシステム開発サービスで急成長！◎副業OK◎残業少なめ,正社員,【インフラエンジニア】残業月平均6.5h /年休120日/定着率90％ 正社員
リアルパートナーズ株式会社 | 【横浜・川崎エリア不動産会社ランキング三冠受賞企業】,正社員,100％反響型の【不動産営業】／平均月収57.5万円／20代活躍中 正社員
株式会社エム・シー・ピー | ★基本定時退社★正当評価で年収1000万円も可能★昇給年4回,正社員,★残業なし★最大18連休！メリハリつけて働ける【積算スタッフ】 正社員
株式会社リーガルインフォメーション | ★神戸・名古屋・仙台・大宮での同時募集！★WEB面接可！,正社員,【営業（内勤・外勤）】★賞与平均5ヶ月実績★未経験歓迎！ 正社員
株式会社カワグチ | 名古屋市緑区・刈谷・豊明からもアクセス抜群★有休取得率80%,契約社員,オリジナル商品の【製造補助スタッフ】★未経験歓迎／日勤のみ 契約社員
株式会社エステート白馬 | 南浦和店／不動産・建設・介護等を手掛ける白馬グループの中核,正社員,お客様のマイホーム購入をサポート！【ホームアドバイザー】 正社員
株式会社エヴァ・ライフ | ＼ 高収入が目指せます ／インセンティブが10万円を超える月も?!,正社員,今後の拡大に期待大！【 福祉用具のルート営業 】*新店舗もOPEN 正社員
GTNET株式会社 | 全国の拠点で現地面接・現地採用｜売上64億以上を誇る企業で活躍,正社員,スポーツカーの【メンテナンス】※経験者/即戦力は月給38万以上 正社員
株式会社ファーム・アライアンス・マネジメント | ”農業”に特化◆会社を裏から支える◎年休125日／賞与年2回,正社員,【総務・財務・人事（管理職）】経験を活かしてマルチに活躍！ 正社員
株式会社ツイテルホーム | 選べる働き方→週休3日制も可能♪転勤なく好きな街で働ける,正社員,＼新PJのオープニング／お金を払う営業！不用品の【買取営業】 正社員
ソーシャルインクルー株式会社 | 今期も増収増益を更新◎将来性・安定性ともに業界トップクラス！,正社員,【人事(採用/労務)】未経験・第二新卒歓迎／月給30万円以上 正社員
エスシーエス株式会社 | 《エコ事業に貢献》★面接保証◎TEL問合せ歓迎⇒048-936-1234,正社員,未経験月給29.5万円スタート【ルートドライバー】★基本定時退社 正社員
SE住宅ローンサービス株式会社 | JASDAQ上場エヌ・シー・エヌ100％出資子会社◆年収500万以上OK,正社員,《経験者限定》550以上の顧客リストを活用！【住宅ローン営業】 正社員
有限会社中央物流 | ブランクある方もOK！30代～40代の育児中ドライバー活躍中！,正社員,【 大型トレーラードライバー 】★月給45万円スタート 正社員
株式会社日本シーマート | 旬の駅 大和郡山に新店OPEN/事業拡大のため増員募集/入社祝金有,正社員,【鮮魚調理販売スタッフ】月給26.5万～も可能★賞与年2回 正社員
株式会社サンフジ建設 | 年商90億円以上を誇るグループ企業★直帰直帰可・報奨金あり！,正社員,【施工管理】◎月給65万円以上可能！基本定時退社・賞与年2回 正社員
株式会社三進ろ過工業 | 《福岡限定！博多駅徒歩12分》★未経験でも月給25万円スタート★,正社員,【技術スタッフ(点検・メンテナンス)】★年休128日★未経験OK 正社員
伊豫スズキ販売株式会社 | #業界でも珍しい完全週休2日をいち早く導入#年休126日,正社員,未経験を育成します！チーム制で取り組む【営業スタッフ】 正社員
株式会社バントウ | ＃実力主義の技術者集団＃高収入エンジニアを目指せる[近道]あり,正社員,【ITエンジニア（Kotlin/Java言語など）】＊フルリモートも可 正社員
株式会社誠 | 家具家電付き1R寮完備／独立後に月収60万円超を叶えた先輩も！,正社員,イチから手に職を！【施工スタッフ】月給26万以上／残業ほぼなし 正社員
株式会社ビビット | 【ハウスドゥ川越新河岸】★未経験でも月25万円～ ★完全週休2日,正社員,未経験から年収1000万円可能！【不動産営業】★充実の研修で安心 正社員
BEST株式会社 | 【福岡拠点 NEW OPEN！！】＼＼スターティングメンバ―募集／／,正社員,社員の半数以上が月収45万円超を実現【ライフサービススタッフ】 正社員
株式会社大阪真和エンタープライズ | 総売上122億円以上！安定基盤/面接1回/賞与年2回/福利厚生◎,正社員,【不動産営業】残業17h・完全週休2日で働きやすさ◎転勤なし 正社員
株式会社ネクサス | 2019年に設立！3年目を迎えた新鋭企業！／残業少なめ／転勤なし,正社員,【配送ドライバー】準中型免許でスタートOK！／日帰りのみ！ 正社員
大仲金属株式会社 | (ダイナカキンゾク) ◆完全週休2日/平均月収35万円/未経験歓迎,正社員,星空に近い、自然の中で働く【設備管理スタッフ】 正社員
株式会社有藤商店 | 業績好調／頑張り次第で年収700万円も可能！決算賞与もあり,正社員,人生を明るく！新しい自分に出会える【メンテナンススタッフ】 正社員
UTHP株式会社 | 東証一部上場企業グループ・日立グループへの転籍実績も多数,正社員,未経験でも月収34万円以上可【ものづくりスタッフ】茨城勤務 正社員
株式会社TAKEFUJI | 電話での問い合わせもOK！【045-383-9697】,業務委託,【ドライバー】★履歴書不要！1年目で月収80万円も可能 業務委託
村地綜合木材株式会社 | 応募資格を満たす方は全員面接！過去最高益を更新中の成長企業,正社員,普通免許でOK【配送ドライバー】＊未経験でも月給28万円～ 正社員
大津紙運輸株式会社 | 【大津板紙株式会社の子会社】★資格は会社全額負担で取得OK,正社員,力仕事ほぼなし！将来性抜群の【倉庫管理】※賞与4ヶ月分 正社員
株式会社松本電機製作所 | 三菱電機、オムロン等と取引/【モデル年収】29歳…年収600万円,正社員,【電気工事スタッフ】★年間休日125日＋有給もしっかり取得 正社員
株式会社エイトエンジニアリング | 設立以来、増益増収を継続中／エンジニアファーストを徹底,正社員,【設計エンジニア】※転職者全員が収入アップを実現！ 正社員
株式会社東亜産業 | 賞与年2回（業績により）／20代～30代中心に活躍中！,正社員,NEWオープン！ディスカウントストアの【店長候補】 正社員
株式会社Ｔ．ｖａｌｕｅ | 安定して稼ぐなら「断る理由がない」サービスを。未経験大歓迎！,正社員,★立ち上げメンバー【電力アドバイザ】月給27万円／完全週休2日 正社員
株式会社T.K.R | テレビCMも放映中の安定企業！ノルマ無しの完全反響営業募集◎,正社員,第二新卒歓迎！【コンサル営業】営業未経験でも月給30万円～！ 正社員
株式会社清光社 | 未経験OK/残業月10h以下/夜勤なし/未経験でも多彩なキャリアパス,正社員,"人々の""日常""を支える！【設備管理スタッフ】安定企業で活躍◎ 正社員"
株式会社渡辺ホールディングス | ★自社サービス★土日祝休み★年休124日★毎月2種類の歩合あり,正社員,【マーケティング営業】★未経験OK★月給25万円～★高額歩合あり 正社員
株式会社マツシタホーム | ◆茨城東部地区着工トップクラス◆独自の仕組みプラン契約率80%,正社員,《前職年収以上考慮》住宅メーカーの【アフターメンテナンス】 正社員
株式会社建築資料研究社 | 景気に左右されない！資格系スクール「日建学院」を運営,正社員,★上野校・北千住校募集★【ライセンスアドバイザー】 正社員
"Earth ecology株式会社 | 完全週休2日制！★社用車貸与※転勤なし◇最高年収は1,600万円！",正社員,平均年収500万円超！ エコ商材の【提案営業】 ★年間休日120日 正社員
株式会社KASOL | 【カーソル】★エンジニアの働きやすさ＆成長にこだわる会社★,正社員,【SE/PG】仕事内容・将来ビジョンを社長に直接相談できる(*^-^*) 正社員
株式会社東名 | 2020年7月に東証・名証一部に上場しました！,正社員,【インサイドセールス】月給27万円以上／インセン有／未経験歓迎 正社員
アスモホーム株式会社 | 完全週休2日／年2回の長期休暇／経験者の1年目平均月収35万円,正社員,人気エリア港区の不動産を扱う！【反響営業】☆残業月15時間以内 正社員
株式会社エム・シー・ピー | ★年齢不問★連続休暇取得も可★資格取得支援有★20～50代活躍中,正社員,【マンション修繕の施工管理】年収1000万円も可能/昇給年4回実績 正社員
有限会社イースト・コーポレーション | ～大手ゼネコンと直取引する安定企業～＜条件に合う方全員面接＞,正社員,【施工管理スタッフ】◆残業ほぼナシ◆長期連休もとりやすい！ 正社員
大阪第一交通株式会社 | 上場グループ／年収500万円以上可／大阪府緊急雇用対策に賛同,正社員,業界大手の【タクシードライバー】高収入＆働きやすい職場環境！ 正社員
株式会社小山電機工事 | <Welcome>電気工事の経験者、仕事もプライベートも大事にする方,正社員,『未経験OK』石川で活躍する【電気工事士】★平均年齢31.7歳★ 正社員
株式会社アンフィニ | 【大阪府緊急雇用対策に賛同】＊年間休日110日＊,正社員,早期キャリア＆収入UPも可能な【PRスタッフ】★残業なし 正社員
臨海建設株式会社 | ＼公共案件100％／総合土木業として愛媛に貢献！＜面接1回のみ＞,正社員,初年度年収500万円以上目指せる！【土木施工管理】※転勤なし 正社員
株式会社統源 | 採用担当直通★TEL問い合わせもOK⇒080-3350-7778,業務委託,高収入可能★働く時間も、日数も、あなたの自由★【ドライバー】 業務委託
株式会社沖縄ユーポス | 【 ユーポスグループ 】20代の若手社員が続々と入社しています,正社員,原則残業なし★働きやすい環境・高収入が手に入る！【 営業職 】 正社員
株式会社ファイン | 【ホテル正社員募集】書類選考は目を通す程度 ⇒ 完全人柄採用！,正社員,＼未経験→月30万!?／ 超★稼げるレジャーホテルの【店舗STAFF】 正社員
株式会社崎山組 | 平均年齢38歳／男性の育児休暇取得実績あり／有休平均年16日取得,正社員,【施工管理】★年休122日 ★1回の賞与で100万円の実績あり 正社員
株式会社アールブリッジ | 社会人デビュー大歓迎◆正社員登用あり◆WEB面接可◆,契約社員,【PRスタッフ】ウォーターサーバーのご案内/月収25万円以上可◎ 契約社員
株式会社ホマレ電池 | 創業87年の安定性が魅力｜風通しの良い社風,正社員,【工事スタッフ】蓄電池設備の点検・工事/未経験歓迎/若手活躍中 正社員
有限会社館 | ★入社1年以内に【月収35万～40万円】も充分目指せる！,正社員,レジャーホテルの【運営スタッフ】★未経験OK ★休日数が選べる 正社員
株式会社トラストワークス | エンジニアファーストを徹底！経験者が思わず唸る環境があります,正社員,【ITエンジニア】月給40万～確約★還元率70%以上★案件選択制★ 正社員
株式会社ショウエー設計測量事務所 | 1971年設立！安定した事業基盤でコロナ禍でも業績は好調！,正社員,【建築測量(墨出し)】高収入を目指せる会社/入社祝い金5万円支給 正社員
株式会社sizebook | 業界高水準の待遇★月25万～★完休2日★土日祝休★第二新卒歓迎,正社員,WEB広告の【ライター】★未経験歓迎★年収1000万円稼ぐ先輩も！ 正社員
東都興業株式会社 | 日本の農業を支える超安定メーカー★研修期間は1年間★賞与年3回,正社員,未経験OKの【ルート営業】★残業ほぼゼロ／年休130日以上！ 正社員
HRconsulting株式会社 | ◆完全週休2日(土日祝)◆年休124日◆基本定時退社◆高インセン,正社員,アパレル業界と求職者を繋ぐ【人材コーディネーター】★未経験OK 正社員
株式会社GL | 経験者は前職給与保証！｜土日祝休み｜大阪府緊急雇用対策に賛同,正社員,高収入が実現可能！年休128日(土日祝)【キャリアアドバイザー】 正社員
株式会社エディスト | 平均年齢26歳／月給30万円スタート／土日祝休み／服装自由,正社員,YouTubeの【動画編集スタッフ】★年間休日120日 正社員
三協電機株式会社 | 設立60年｜三菱電機など大手企業や官公庁と直取引｜WEB面接OK,正社員,地元のインフラに貢献！電気設備の【工事スタッフ】 正社員
株式会社XiT | 《業界を変えるベンチャー企業》―Redesign the last one mile―,業務委託,今すぐ働けて、月収50万円を当たり前に【デリバリーパートナー】 業務委託
株式会社エフテック | ◆残業月20H程度◆賞与年2回◆住宅、家族手当などの手当も充実,正社員,【自動車整備士】★月給25万円～★応募条件を満たす方全員と面接 正社員
株式会社山王 | 【新拠点オープニングメンバー大募集！】◎年間休日117日,正社員,”商品説明”で高収入♪【PRスタッフ】※鹿児島限定募集 正社員
株式会社コンセプト | 競馬関連のプロモーションを担う制作会社 ◎2週間の長期休暇あり,正社員,DMや新聞広告の【制作スタッフ】★未経験者も月給30万スタート！ 正社員
カンエツ興業株式会社 | 設立46年の総合建設会社 | 週休2日★賞与年2回★月給30万円～,正社員,【建築・土木施工管理】★夜間なし★残業なし★遠方なし！ 正社員
"株式会社SSコーポレーション | ★平均有給取得日数10日★GW,夏季,年末年始休暇あり★未経験OK",正社員,華やかなシーンを彩る♪【レンタカースタッフ】※残業少なめ 正社員
村田建設株式会社 | 元請け案件が8～9割／業績好調／社会福祉法人等と直取引を実現,正社員,【建築施工管理】※月給30～45万円と安定水準 ※決算賞与もあり 正社員
インフォシー株式会社 | ★グローバルベンチャー企業★年休120日以上★残業は月10h以下♪,正社員,【ITエンジニア】前職の給与よりも『増給』を必ず保証します！！ 正社員
廣川電機株式会社 | カネカ、サントリーなど大手と直接取引／資格取得支援あり,正社員,未経験から始める【メンテナンススタッフ】☆月給22万円以上 正社員
株式会社桜井自動車教習所 | ◆日祝固定休み＋土曜日交代制◆平均月収30万円◆賞与4.2ヶ月分,正社員,《締切間近》教習所の【インストラクター】※35歳以下面接保証※ 正社員
株式会社SSコーポレーション | ★1人1車体制★費用負担で大型免許の取得可能★長期休暇も充実,正社員,★実務未経験OK★【4tドライバー】※残業少なめ、1人1車体制 正社員
サムティプロパティマネジメント株式会社 | 【東証一部上場100％出資企業】★大阪府緊急雇用対策に賛同,正社員,オーナー対応などの【不動産管理】★月給27万円～/年休125日以上 正社員
社会福祉法人 枚方療育園 | ビアンエトール恭愛【大阪府緊急雇用対策に賛同】月8日休み,正社員,★未経験歓迎★【生活支援員】※賞与年3回（実績5.35ヶ月分） 正社員
株式会社ヘルセ | ◆設立以来増収増益 ◆国内40店舗を展開 ◆海外展開もスタート,正社員,海外の人気商品を国内に広げる【営業】★将来のマネージャー候補 正社員
株式会社SSコーポレーション | Glast(グラスト)/原則定時退社/GW・夏季・冬季の長期休暇あり,正社員,入社1年目～月給30万円以上！前職給与を考慮します【整備士】 正社員
日本フォーミング株式会社 | ◆基本土日祝休み◆ほぼ定時退社 ◎未経験大歓迎！,正社員,【営業事務】ワークライフバランス重視でプライベートを大切に！ 正社員
ロビンスジャパン株式会社 | SUUMO 関東 注文住宅・工務店ランキング2016～2020年第1位,正社員,【反響営業】ショールームの輸入住宅アドバイザー◆月給30万円～ 正社員
サイフォ株式会社 | ＼福岡トップクラスの知名度・実績があなたの営業活動を後押し／,正社員,収益用不動産の【売買仲介営業】年収1000万円も可/完全週休2日制 正社員
株式会社マリーロード | 《ラシュレディアコート》週休二日／賞与年2回／男女共に活躍中,正社員,喜びと感動がいっぱい【ウエディングプランナー】◎未経験歓迎 正社員
株式会社崎山組 | ＊1回の賞与で100万円の実績あり／男性の育児休暇取得実績あり＊,正社員,キャリアUP＆月収60万円も可能【機械オペレーター】★年休122日 正社員
株式会社GRAST | 都内8店舗展開！◎寮完備！◎安定収入がいい！,正社員,【店舗STAFF】コロナ禍でも100％給与保証！月給最大35万円＋賞与 正社員
株式会社ハウスクルーズ | 完全週休二日制/有給消化率100％/20代管理職歴あり,正社員,【ライフアドバイザー】45歳未満は全員面接！未経験でも高収入！ 正社員
"有限会社B.T | 関西電力グループ""きんでん""協力企業／大阪府緊急雇用対策に賛同",正社員,【電気通信スタッフ】★未経験OK＆年間休日150日以上も可能！ 正社員
株式会社トワードセントラル | 業績安定の食品配送／シフトも柔軟に組める◎/福利厚生が充実！,正社員,【ルート配送ドライバー】未経験でも月給29万円以上！賞与2回！ 正社員
株式会社ラングローブ | 未経験歓迎／月8-11日休み／残業月10～20h程度／稼げる環境◎,正社員,【完全反響営業】月収100万以上稼げる仕組みあり★残業少なめ 正社員
豊中機工株式会社 | ゴルフ場用芝刈り機などを取り扱う専門商社/土日祝休/年休125日,正社員,機械好きの方歓迎！芝刈り機の【メンテナンススタッフ】土日祝休 正社員
株式会社ONE | ◆平均月収40万円＆インセンティブあり◆面接時の交通費支給,正社員,お金を払う営業！ほとんどの方が未経験【買取営業】完全土日休み 正社員
株式会社Rush up | 成長率200％超えの成長企業【大阪府緊急雇用対策に賛同】,正社員,商品力があるから売りやすい！成果はインセンに直結！【営業】 正社員
株式会社シュテルン葛飾 | メルセデンス・ベンツ正規ディーラー/年休110日/毎月インセン,正社員,未経験からキャリアを積める【営業】年収700万円~可★20代活躍中 正社員
株式会社ケーシーエス・エス | 【大阪府緊急雇用対策に賛同】年収600万円以上も十分可能です！,正社員,【運搬スタッフ】入社2年目の平均月収40万円!! 稼げるワケとは!? 正社員
株式会社Rush up | 成長率200％超えの成長企業【大阪府緊急雇用対策に賛同】,正社員,自分だけのキャリアを築く 【企画営業】★1年以内に昇格多数！ 正社員
法成寺運輸株式会社 | 最近も未経験から20・30代の社員が入社★1年目で月収40万円可能,正社員,未経験OK【 4t・10tドライバー 】◎大型免許取得支援あり 正社員
株式会社スカーラサポート | 《面接1回》《社員の9割が月給30万円以上実現》《普通免許でOK》,正社員,【レッカーサービススタッフ】◎年齢不問 ◎福岡限定募集 正社員
株式会社エナジーシステム | #月20万円以上のインセン獲得者も！#未経験歓迎！,正社員,【モバイルアドバイザー】☆インセン充実☆完休2日制☆希望休可 正社員
株式会社ベクタークラフト | 大阪府緊急雇用対策に賛同★経験5年で年収620万円の社員も在籍,正社員,JW-CADのスキルが活かせる【設計】年休125日＋有休平均取得10日 正社員
株式会社ACE one | 年間休日122日｜毎月の歩合給で収入もアップ｜ノルマなし,正社員,プライベートと収入、どちらも譲れないあなたへ！【法人営業】 正社員
株式会社ひらぎの | 未経験から高収入が目指せる！UIターン支度金（10～20万円）あり,正社員,モデルルームへの来店者やお客様からの紹介が中心の【反響営業】 正社員
株式会社ウルテック | ★設立45年 ★未経験でも月給25万円以上 ★完全週休2日制,正社員,あなたの企画で“家”を作りましょう！【営業職】★未経験歓迎 正社員
株式会社ケーシーエス | 【入社1年目から月収40万円超も可能】完週休2日の働き方もできる,正社員,【総合職（ドライバー／運行管理）】自分らしい働き方が選べる！ 正社員
富国運輸株式会社 | 月給40万円以上も可！無事故手当(月最大7万円)など環境充実！,正社員,未経験OK！食品の【タンクローリードライバー】月給40万円～ 正社員
大東建託株式会社 | 【東証一部・名証一部上場】フレックスタイム制で働きやすさ◎,正社員,【提案営業】★業界TOPクラスのインセンティブ・待遇・評価制度 正社員
能丸政孝税理士事務所 | 北九州で創業30年以上の歴史！土日祝休み◎残業少なめ◎,正社員,税理士になりたい方を応援！【 税理士補助】実務未経験者OK！ 正社員
株式会社西家 | ◆大型連休年3回(GW/夏季/年末年始)→最大9連休 ◆週休2日制,正社員,若手活躍中★ON/OFF充実★月給30万円以上【営業】※残業月0~10h 正社員
三栄工業株式会社 | 創業64年！60歳以上の社員も活躍中★長く働ける会社です！,正社員,沖縄の街づくりに協力してくれませんか？【 技術スタッフ 】 正社員
株式会社フォーナイン | 120店舗⇒200店舗へ拡大中◆年休120日以上◆不況に強い安定業界,正社員,未経験歓迎！【営業】★原則定時退社 ★有給消化率ほぼ100％ 正社員
有限会社一成工業所 | ◎創業40年以上!安定の経営 ◎主な取引先は「名古屋市交通局」等,正社員,誰でも月給27万円スタート！【メンテナンススタッフ】 正社員
ケイエイツー株式会社 | 店舗拡大中の急成長住宅メーカー★2020年度グッドデザイン賞受賞,正社員,UIターン歓迎／WEB面接OK／引越代負担あり【経理】★月給25万円~ 正社員
"アークネット株式会社 | 「やる気スイッチ」のスクールIE,英会話スクール「WinBe」を運営",正社員,【教室長】★授業担当なし★優秀教室賞受賞×9月に新校舎OPEN 正社員
株式会社アスカクリエート | 賞与年3回支給(昨年度実績8ヶ月分)／残業なし／年間休日125日,正社員,保育士さんと保育園をつなげる【人材コーディネーター】広島募集 正社員
株式会社札幌解体建設 | 転勤なし／電話問い合わせもOK！ ⇒ TEL／011-865-6060,正社員,月収24万円以上も可！【総合職（作業員／重機オペ／施工管理）】 正社員
株式会社ホームケアサービス山口 | #福利厚生抜群　#業界随一の賞与　#資格取得をサポート,正社員,暮らしやすい地域づくりに貢献できる【ルート営業】 正社員
株式会社富士鳩急送 | ◆賞与年2回 　◆転勤なし！ ◆月収40万円も可能です！！,正社員,好きを仕事に！高収入GETも！【ドライバー】※女性活躍中♪ 正社員
"株式会社リグロス | REGLOS CO., Ltd.",正社員,未経験歓迎！【IT事務】研修9ヵ月／土日祝休／残業ほぼなし♪ 正社員
明興電設株式会社 | 30代で年収800万以上の先輩も活躍中★個人利用可能な社用車支給,正社員,稼げて休める【総合職(電気施工管理・現場スタッフ)】残業少なめ 正社員
株式会社GLOBAL BEAUTY | WEB面接OK・完休2日／複数事業を展開中のGLOBAL HOLDINGS GROUP,正社員,本部採用★飲食事業運営の【経営企画】／全国展開を促進する立場 正社員
株式会社いいとも | 韓国料理マショマショ、マショチキンなど韓国居酒屋を運営,正社員,話題の韓国居酒屋【店長候補（キッチン、ホールスタッフ）】 正社員
株式会社WEST WIND | 設立以来黒字経営／高収入・私生活充実で働ける理由を教えます！,正社員,年収900万円可！？15時帰宅！？【現場スタッフ(大工)】未経験OK 正社員
株式会社大川建設 | 大手ゼネコンの元請★食堂付き宿舎有★直行直帰OK,正社員,満足度×安定性【とび工】資材積み下ろし一切なし*残業月0～20h 正社員
新日本リース株式会社 | 新日本グループの安定性あり◆腰を据えて長期に活躍できる,正社員,ゆくゆくは月収40万円～も現実的【フォークリフトオペレーター】 正社員
株式会社ワールドサービス | ◎土日休み・年休112日　◎分社化も目指す成長企業,正社員,学歴がなくても上を目指せる！【 営業 】＼未経験歓迎!!／ 正社員
株式会社モリコーポレーション | 完全週休2日制／土日祝休み／年間休日123日／月給24万円以上も可,正社員,未経験から心地良く働く【営業・事務スタッフ】 正社員
株式会社わさび | 入社3年で年収1000万円を目指す／月給46万円以上／年休120日以上,正社員,エンジニアからのキャリアアップ！【IT/戦略コンサルタント】 正社員
株式会社福コンサルタント | 土日祝休み／高収入(年収700万円以上可)／面接1回／副業もOK,正社員,国交省やNEXCO案件の【施工管理／点検管理】年休126日 正社員
株式会社アジアインフォネット,正社員,【再エネ・太陽光発電技術・施工管理】未経験歓迎／月給30万円～ 正社員
株式会社アジアインフォネット,正社員,【太陽光発電法人営業】月給35万～＋インセインティブ/年休125日 正社員
ウィズライフ株式会社 | 安定成長企業・オンライン面接可・年収1500万円以上可能,正社員,【マンションメンテナンスの営業】平均月収55万円！転勤なし！ 正社員
株式会社アネーラ | 大阪府緊急雇用対策に賛同／完全日月休み（土曜日は16：00まで）,正社員,コープの一員として活躍【ルート配送(日中のみ)】★完全週休2日 正社員
株式会社ニューアート・シーマ | 日本最大級のダイヤモンド専門店『銀座ダイヤモンドシライシ』,正社員,長野・松本店舗／ブライダルジュエリーの【接客販売】 正社員
ヤマトワーク有限会社 | <20～40代活躍中> 官公庁案件がメイン／資格取得支援あり！,正社員,未経験からでも月給30万円スタート！【作業スタッフ】 正社員
有限会社福岡紙業 | 月給40万円以上も目指せる★新築マイホームを買った社員も多数！,正社員,★未経験OK★ ルート回収がメイン【ドライバー】※転勤なし！ 正社員
株式会社ケイズホーム | 《WEB集客が好調◎神戸・明石密着の優良企業》★安定収入を実現,正社員,問い合わせ対応のみ！【反響営業】★男女問わず20～40代が活躍中 正社員
鶴信運輸株式会社 | 最近も未経験から20・30代の社員が入社★1年目で月収40万円可能,正社員,未経験OK【 4t・10tドライバー 】◎大型免許取得支援あり 正社員
株式会社ケー・イー・シー | <環境保全のためコロナの影響が少なく安定>■社宅・引越し補助有,正社員,【 設備管理 】◎年間休日144日 ◎入社半年で月収36万円も可 正社員
"日星石油株式会社 | 創業86年/老舗エネルギー企業/あなたの""これから""の面倒を見ます",正社員,まだ迷ってるあなたに応募してもらいたい【SSスタッフ】※夜勤無 正社員
キャレット合同会社 | ＃月給40万～ ＃残業少なめ ＃年間休日130日～ #前給保証,正社員,【ITエンジニア】フルリモート×フレックスの自由な環境下で活躍 正社員
株式会社相馬 | 大手ゼネコンと直接取引あり安定企業＊コロナ禍も関係なし,正社員,社用iPadでスイスイ進む♪【現場管理】社用車貸与※通勤使用OK 正社員
想いコーポレーション株式会社,正社員,終活【コンシェルジュ】*未経験OK*終業前の退社も可*高収入可能 正社員
株式会社Be-Groove | #年休125日 #週休2日制 #社員寮あり #賞与2回 #資格支援あり,正社員,未経験OK【進行管理(コーディネータ・事務)】月給26万／土日祝休 正社員
エクスペダイターズ・ジャパン株式会社 | 世界103カ国322拠点を設ける外資系企業◆賞与実績平均7ヶ月分,正社員,【提案営業】グローバル企業で国際貨物輸送を提案！※東京募集 正社員
株式会社進和ホームメンテナンス | 関西電力100％出資会社「かんでんEハウス」のパートナー企業,正社員,業績◎！4月新設の事業部で働く【点検スタッフ】※月給30万円～ 正社員
株式会社広伸ホーム | ＼年々案件数UP／コロナ禍でも業績好調の安定企業！★若手活躍中,正社員,内装・外装の【修繕スタッフ】★資格手当充実★U・Iターン歓迎！ 正社員
阪神センコー運輸株式会社 | ★安定基盤が自慢★東証一部上場企業『センコー』のグループ会社,正社員,【物流系総合職（ドライバー・アシスタント・倉庫管理）】 正社員
株式会社三谷電気 | 《地域密着×安定企業》応募条件に合う方は全員面接します！,正社員,前職給与を考慮◎残業が少ない環境で働く【技術スタッフ】 正社員
株式会社ファスト | 未経験歓迎・完全週休2日制・年間休日125日・各種手当制度あり,正社員,新築マンションのモデルルームで働く【カウンターセールス】 正社員
株式会社日本セイユ― | 残業少なめ／寮完備で即入居OK／日・隔土休み,正社員,～50代の新入社員も活躍中～【反響営業】◎平均月収48万円 正社員
郡司建設株式会社 | ◆賞与平均3.2ヶ月分支給！年収850万円も可能！前職給与を考慮,正社員,資格取得を目指す方も大歓迎！スキルUPを支援！【建築施工管理】 正社員
おぎ堂会計事務所 | 基本定時退社／業界水準以上の高待遇／大阪府緊急雇用対策に賛同,正社員,完全土日祝休み！業界経験・資格不問【税務・会計アシスタント】 正社員
株式会社晃技開発 | 【大阪府緊急雇用対策に賛同】◆高インセンティブ＋昇給随時！◆,正社員,"最大案件規模は1億円！【コンサルタント】年収1,000万円可能 正社員"
株式会社BE START | 軽貨物の宅配や企業配送などを手がける運送会社,業務委託,普免のみでOK！働き方を選べる【配送ドライバー】★週払いも対応 業務委託
株式会社フードバンク | ★種類の豊富なインセンティブあり★業界経験者歓迎★30代活躍中,正社員,スペイン・地中海料理・フレンチビストロ等の【店長候補】 正社員
株式会社キノシタ林業 | ★残業なし★女性も活躍中★立ち上げ期★社員ファーストの会社,正社員,【山林・立木の買取スタッフ】 ★未経験歓迎 ★月25万円以上 正社員
ケミックス東海株式会社 | 金属の塗装剥離で業界トップクラス★福利厚生充実＋多数手当付き,正社員,【現場作業スタッフ】月給33万円スタート＆賞与年3回 正社員
株式会社伸興製作所 | 創業72年／大手企業と取引／社員一人ひとりに合わせた働き方,正社員,大手企業を支える【加工スタッフ】※賞与年3回／長期休暇あり 正社員
ベルトラックス株式会社 | ディーラー経験者など整備経験のある方歓迎！★残業ほぼなし！,正社員,土日休みで高収入！整備経験を活かした【建設機械メンテナンス】 正社員
環協株式会社 | コロナ禍でも成長続ける安定企業 ◆自分次第で高収入を目指せる,正社員,【衛生管理の技術スタッフ】★年休120日以上 ★環境事業で成長中 正社員
株式会社栃木ケイテクノ | 【東証一部上場の関電工グループ】栃木県トップクラスの実績,正社員,【総合職(電気施工管理・電気工事士)】転勤なし／前職給与考慮！ 正社員
ジャパン・アット・レスキュー株式会社 | ◎賞与年3回◎充実の研修制度あり【大阪府緊急雇用対策に賛同】,正社員,月給30万円～【100％反響営業】稼ぎたい方歓迎／入社祝金10万円 正社員
株式会社友建設 | ” 安定経営 × 高収入 × 働きやすさ ” が揃っています！,正社員,【 施工管理 】★月給30万円以上を保証 ★前職給与考慮 正社員
岩崎エアーテック株式会社 | 水と空気を浄化する機械の販売商社 / 月収100万円も可能！,正社員,★30代～50代活躍中【法人営業】インセンで高収入を目指せる！ 正社員
株式会社cosbi | 【大阪府緊急雇用対策に賛同】自社ブランドとOEMを手掛ける企業,正社員,SNSでも人気!ヘアケア商品の【提案営業】未経験でも月給25万円★ 正社員
株式会社かすみ交通 | 2007年設立、地域密着のタクシー会社,正社員,"活躍次第で年収1,000万円も可能【タクシードライバー】※副業OK 正社員"
株式会社エリックス | 《ユニットハウスに携わる安定企業》★残業月10h以下/賞与年2回,正社員,未経験OK★月給27万円以上！稼ぎたいを実現できる【組立・設置】 正社員
ミナミ電工株式会社 | ★家族を大切に！毎年9日間以上の連休休暇など制度を充実中！,正社員,【総合職（工事管理／電気工事士／設備設計）】※月給24万円以上 正社員
新中央航空株式会社 | 《レア求人》創業43年。伊豆諸島の島民のくらしを支える航空会社,正社員,バックオフィスから空港を支える【総務スタッフ】※未経験歓迎！ 正社員
安部文化工業株式会社 | 創業から約70年景気に左右されず、安定成長を続ける優良企業！,正社員,◎未経験でも月給20万円以上！【 技術スタッフ 】転勤ナシ！ 正社員
株式会社アルファ工業 | ■大同特殊鋼グループ指定協力会社,正社員,★入社1年目から高収入を目指せる【生産スタッフ】＊転勤無し＊ 正社員
静岡日産自動車株式会社 | 実務未経験OK！年収600万以上を目指せます！,正社員,【整備士】静岡県内で30店舗展開するNISSAN正規ディーラー 正社員
株式会社プリペアド | 個別指導学院ヒーローズ｜コロナ禍でも生徒数増！2校で100名在籍,正社員,未経験の挑戦も歓迎【 教室運営スタッフ 】★教室長候補 正社員
ＬＸ　ＰＡＮＴＯＳ　ＪＡＰＡＮ株式会社 | （旧社名：パントスジャパン株式会社）≪LXグループ≫,正社員,物流業界経験を活かせる！国際物流の【法人営業】※土日祝休み 正社員
株式会社トレンタ | 有給取得率100％/働き方改革実施中/より良い会社を目指してます,正社員,年間休日124日【設計（建築・意匠）】※土日祝完全休み 正社員
株式会社タクマ | 【東証一部上場】環境保全・エネルギープラントのパイオニア企業,正社員,【プラントエンジニア（電気・計装機械）】年休128日／離職率3％ 正社員
株式会社タクマ | 【東証一部上場】環境保全・エネルギープラントのパイオニア企業,正社員,【プラント機器エンジニア（詳細設計・手配指示等）】離職率3％ 正社員
株式会社タクマ | 【東証一部上場】環境保全・エネルギープラントのパイオニア企業,正社員,九州・兵庫本社募集【プラント施工監理(機械/元請)】年休128日 正社員
株式会社タクマ | 【東証一部上場】環境保全・エネルギープラントのパイオニア企業,正社員,社会インフラに貢献【プラントエンジニア】※兵庫県限定募集 正社員
株式会社タクマ | 【東証一部上場】環境保全・エネルギープラントのパイオニア企業,正社員,東京・北海道・宮城募集【プラント施工監理(機械/元請)】 正社員
株式会社タツミプランニング | 東証一部上場｜高松建設グループ｜5年連続グッドデザイン賞受賞,正社員,インセンティブで高収入も可！【企画提案営業】★年間休日126日 正社員
株式会社幸和ホーム | 1987年創業・アメニティジョイハウスグループの一員　★転勤なし,正社員,西海岸風・自由でデザイン性の高い注文住宅の【建築施工管理】 正社員
株式会社CRUDnop | 車載システム/IoT/各種サーバー構築システムを手掛ける成長企業,正社員,組織作りに携わりながらスキルアップを実現！【ITエンジニア】 正社員
株式会社リクルート北関東マーケティング | （RKM）【リクルートグループ】,正社員,「ホットペッパー」等の【企画営業】 ★未経験者OK/年休145日 正社員
くにうみＡＩ証券株式会社 | ★くにうみアセットマネジメントグループ,正社員,【海外ファンド営業】完全週休2日制（土日祝） 正社員
株式会社総合資格 | 【 建築・不動産に特化した資格学校を運営 】賞与実績4.8ヶ月分,正社員,平均年収894万円！【提案営業】※山口／島根勤務 正社員
株式会社オーム電機 | 60年超の歴史ありで業績も絶好調＊グローバルに事業を展開中！,正社員,月給30万/年休120日/完休2日★海外からの【家電用品のバイヤー】 正社員
株式会社総合資格 | 【 建築・不動産に特化した資格学校を運営 】賞与実績4.8ヶ月分,正社員,平均年収894万円！早期キャリアUPも可能【提案営業】※広島勤務 正社員
株式会社Pledge Clover | #平均26歳#前年比300％UP#UIターンOK#名古屋限定,正社員,★名古屋限定募集★未経験から20代活躍中【企画営業(販促など)】 正社員
株式会社クラシコ | ★面接1回 ★恵比寿駅徒歩2分 ★平均年齢28歳！★転勤ナシ,契約社員,【不動産営業職】貴方の経験を貸してください！☆経験者募集 契約社員
新栄工業株式会社 | 【創業54年】『空調ダクト』製造で大手企業と取引多数の安定企業,正社員,未経験でも月給26万円スタート！残業少なめ【取付スタッフ】 正社員
株式会社アイ工務店 | 《11月23日(火)マイナビ転職フェア川越に出展予定！》,正社員,注文住宅の【反響営業】適正価格が好評！⇒無理なく売りやすい♪ 正社員
株式会社バーンフュージョン | 未経験入社の先輩が数多く活躍中｜国家資格取得費用もサポート♪,契約社員,正社員登用制度有！半導体ウェーハの【品質管理】年間休日180日 契約社員
メットライフ生命保険株式会社 | 【11/13（土）マイナビ転職フェア立川に出展】,正社員,賞与年4回！／年間休日122日以上！【コンサルティング営業】 正社員
東洋梱包運輸株式会社,正社員,年休105日！スキルにあった働き方を選べる！【配送ドライバー】 正社員
福山通運株式会社 | 【東証一部上場】11/27（土）マイナビ転職フェア浜松に出展！,正社員,未経験歓迎【集配ドライバー(2t)】配達ルートほぼ固定 正社員
アイ・インターナショナル株式会社 | 投資物件専門の不動産会社　★年収3000万円も充分可能,業務委託,【不動産営業】☆完全リモートワーク ☆利益の8割があなたの収入 業務委託
日研トータルソーシング株式会社 | 【売上931億円】年休最大160日・11/28転職フェア＠仙台出展,正社員,AI・自動化で注目の【ロボットのサポートエンジニア】＊宮城募集 正社員
株式会社丸松ササキ工業 | ★旭川に根付いて30年 ★毎年受注が増加している堅実な経営,正社員,★普通免許があれば挑戦OK！ ★月給30万円～【土木技術者】 正社員
株式会社丸松ササキ工業 | ★旭川に根付いて30年 ★毎年受注が増加している堅実な経営,正社員,★未経験者が半数以上！ ★月給25万円～【土木作業員】 正社員
東建コーポレーション株式会社 | ■エリア勤務でも高収入！■上場企業で安心の将来を,正社員,月給26.3万円スタート【 営業 】静岡募集＊未経験歓迎＊年齢不問 正社員
株式会社木村土建 | 【創業91年】企業基盤の安定力抜群！応募者は全員面接します！,正社員,★即戦力★ 高収入を目指せる【建築施工管理】※月給40万以上可 正社員
東建コーポレーション株式会社 | ■エリア勤務でも高収入！■上場企業で安心の将来を,正社員,月給26.3万円スタート【 営業 】東京募集＊未経験歓迎＊年齢不問 正社員
東建コーポレーション株式会社 | ■エリア勤務でも高収入！■上場企業で安心の将来を,正社員,月給26.3万円スタート【 営業 】群馬募集＊未経験歓迎＊年齢不問 正社員
東建コーポレーション株式会社 | ■エリア勤務でも高収入！■上場企業で安心の将来を,正社員,月給26.3万円スタート【 営業 】三重募集＊未経験歓迎＊年齢不問 正社員
東建コーポレーション株式会社 | ■エリア勤務でも高収入！■上場企業で安心の将来を,正社員,月給26.3万円スタート【 営業 】千葉募集＊未経験歓迎＊年齢不問 正社員
東建コーポレーション株式会社 | ■エリア勤務でも高収入！■上場企業で安心の将来を,正社員,月給26.3万円スタート【 営業 】茨城募集＊未経験歓迎＊年齢不問 正社員
東建コーポレーション株式会社 | ■エリア勤務でも高収入！■上場企業で安心の将来を,正社員,月給26.3万円スタート【 営業 】大阪募集＊未経験歓迎＊年齢不問 正社員
東建コーポレーション株式会社 | エリア勤務でも高収入、地元で安心できる生活を手に入れよう！,正社員,＼年休127日／【 営業 】中日本エリア募集＊未経験＊年齢不問 正社員
東建コーポレーション株式会社 | ■エリア勤務でも高収入！■上場企業で安心の将来を,正社員,月給26.3万円スタート【 営業 】兵庫募集＊未経験歓迎＊年齢不問 正社員
東建コーポレーション株式会社 | ■エリア勤務でも高収入！■上場企業で安心の将来を,正社員,月給26.3万円スタート【 営業 】京都募集＊未経験歓迎＊年齢不問 正社員
東建コーポレーション株式会社 | ■エリア勤務でも高収入！■上場企業で安心の将来を,正社員,月給26.3万円スタート【 営業 】広島募集＊未経験歓迎＊年齢不問 正社員
東建コーポレーション株式会社 | ■エリア勤務でも高収入！■上場企業で安心の将来を,正社員,月給26.3万円スタート【 営業 】岐阜募集＊未経験歓迎＊年齢不問 正社員
東建コーポレーション株式会社 | ■エリア勤務でも高収入！■上場企業で安心の将来を,正社員,月給26.3万円スタート【 営業 】埼玉募集＊未経験歓迎＊年齢不問 正社員
東建コーポレーション株式会社 | ■エリア勤務でも高収入！■上場企業で安心の将来を,正社員,月給26.3万円スタート【 営業 】石川募集＊未経験歓迎＊年齢不問 正社員
東建コーポレーション株式会社 | ■エリア勤務でも高収入！■上場企業で安心の将来を,正社員,月給26.3万円スタート【 営業 】長野募集＊未経験歓迎＊年齢不問 正社員
東建コーポレーション株式会社 | ■エリア勤務でも高収入！■上場企業で安心の将来を,正社員,月給26.3万円スタート【 営業 】福岡募集＊未経験歓迎＊年齢不問 正社員
東建コーポレーション株式会社 | ■エリア勤務でも高収入！■上場企業で安心の将来を,正社員,月給26.3万円スタート【 営業 】愛知募集＊未経験歓迎＊年齢不問 正社員
東建コーポレーション株式会社 | ■エリア勤務でも高収入！■上場企業で安心の将来を,正社員,月給26.3万円スタート【営業】神奈川募集＊未経験歓迎＊年齢不問 正社員
株式会社SAN NEXAS DUO | マイナビ転職フェア@名古屋に出展！11月20日ウインクあいち開催,正社員,【営業】立ち上げメンバーの募集です！★残業＆休日出勤なし◎ 正社員
株式会社ア・ビュー | 〈 対象者全員面接 〉少しでも興味あれば応募してください♪,正社員,★新卒・第二新卒の歓迎募集★【介護スタッフ】★東京都限定募集 正社員
生和コーポレーション株式会社 | 【大阪府緊急雇用対策に賛同】入社2年目で年収1000万円の社員も,正社員,未経験から不動産業界にチャレンジできる【提案営業】※転勤なし 正社員
信陽機材リース販売株式会社 | 東証1部上場・株式会社ワキタのグループ企業,正社員,未経験でも月給23万円以上でスタート【足場の組立解体スタッフ】 正社員
株式会社近畿道路資材 | ◎WEB面接可◎―イノベーションで地球を守る―総合環境整備企業,正社員,【経理】経理×高収入│残業月20時間程度！IT積極導入！ 正社員
株式会社へいせい | 【創業74年！スローライフタウンを創る総合建設会社】※転勤なし,正社員,歴史ある安定基盤で活躍【住宅コンシェルジュ】★賞与年5.5ヶ月 正社員
朝日ハウジング株式会社 | インセンティブあり！ノルマは無いですが頑張りは還元します！,正社員,宅建の資格のみあれば実務未経験OK！不動産の【営業スタッフ】 正社員
株式会社當木工事 | ◆創業50年の老舗企業◆高収入・厚い待遇をご用意しています！,正社員,業績好調！大規模案件多数【設備施工管理(空調設備・衛生設備)】 正社員
株式会社エコライフ | 完全週休2日制 ◎1回の賞与で450万円獲得する社員も！,正社員,未経験OK！研修充実で安心Start◆100％反響型の【不動産営業】 正社員
ひかりハウジング株式会社 | 【東農地区トップクラスのハウスメーカー】◆インセンティブ豊富,正社員,完全自由設計の【住宅営業】★経験者歓迎　★店長候補 正社員
